Workbook
Name Dilimleyici_Cinsiyet: #N/A
Name Dilimleyici_Departman: #N/A
Name Dilimleyici_Lokasyon: #N/A
Name Dilimleyici_Yaka_Tipi: #N/A

Sheet 01_Personel_Verisi
A1: Sicil No | B1: Ad Soyad | C1: Cinsiyet | D1: Doğum Tarihi | E1: Yaş | F1: Medeni Durum | G1: Çocuk Sayısı | H1: Eğitim Durumu | I1: Departman | J1: Pozisyon | K1: Kademe | L1: Yaka Tipi | M1: Yönetici | N1: Lokasyon | O1: İşe Giriş Tarihi | P1: İşe Çıkış Tarihi | Q1: Çıkış Nedeni | R1: SGK Çıkış Kodu | S1: Durum | T1: Brüt Maaş | U1: Prim | V1: Fazla Mesai (Saat) | W1: SGK Gün Sayısı | X1: Eksik Gün Kodu | Y1: Rapor Gün Sayısı | Z1: Kullanılan Yıllık İzin | AA1: Ücretsiz İzin Gün | AB1: Devamsızlık Gün | AC1: Performans Notu | AD1: Eğitim Saati | AE1: Başvuru Kaynağı | AG1: Kıdem Yılı | AH1: Yaş Aralığı | AI1: Kıdem Aralığı | AJ1: İşe giriş yılı | AK1: Çıkış Yıl
A2: PER0001 | B2: Selin Kara | C2: Kadın | D2: 35528 | E2: 29 | F2: Bekar | G2: 0 | H2: Lisans | I2: Üretim & Operasyon | J2: Operatör | K2: Junior | L2: Mavi Yaka | M2: Üretim & Operasyon Müdürü | N2: İstanbul Merkez | O2: 46022 | P2: 46139 | Q2: Sağlık Sebepleri | R2: 3 | S2: Pasif | T2: 24800 | U2: 0 | V2: 30 | W2: 30 | X2: - | Y2: 0 | Z2: 0 | AA2: 0 | AB2: 0 | AC2: 1 | AD2: 11 | AE2: LinkedIn | AG2: =DATEDIF(O2,TODAY(),"Y") -> 0 | AH2: {=_xlfn.IFS(E2>49,"50+",E2>39,"40-49",E2>29,"30-39",E2>19,"20-29")} -> 20-29 | AI2: {=_xlfn.IFS(AG2>10,"10+",AG2>4,"5-10 YIL",AG2>2,"3-5 YIL",AG2>0.9,"1-3 YIL",AG2<1,"0-1 YIL")} -> 0-1 YIL | AJ2: =YEAR(O2) -> 2025 | AK2: =YEAR(P2) -> 2026
A3: PER0002 | B3: Hüseyin Çetin | C3: Erkek | D3: 33854 | E3: 34 | F3: Evli | G3: 1 | H3: Lisans | I3: Üretim & Operasyon | J3: Takım Lideri | K3: Senior | L3: Mavi Yaka | M3: Üretim & Operasyon Müdürü | N3: İzmir Merkez | O3: 43344 | P3: 45737 | Q3: İstifa (Kariyer Değişikliği) | R3: 4 | S3: Pasif | T3: 41100 | U3: 0 | V3: 35 | W3: 30 | X3: - | Y3: 0 | Z3: 14 | AA3: 0 | AB3: 0 | AC3: 3 | AD3: 9 | AE3: LinkedIn | AG3: =DATEDIF(O3,TODAY(),"Y") -> 7 | AH3: {=_xlfn.IFS(E3>49,"50+",E3>39,"40-49",E3>29,"30-39",E3>19,"20-29")} -> 30-39 | AI3: {=_xlfn.IFS(AG3>10,"10+",AG3>4,"5-10 YIL",AG3>2,"3-5 YIL",AG3>0.9,"1-3 YIL",AG3<1,"0-1 YIL")} -> 5-10 YIL | AJ3: =YEAR(O3) -> 2018 | AK3: =YEAR(P3) -> 2025
A4: PER0003 | B4: Mustafa Kaya | C4: Erkek | D4: 36080 | E4: 28 | F4: Bekar | G4: 0 | H4: Lisans | I4: Üretim & Operasyon | J4: Operatör | K4: Junior | L4: Mavi Yaka | M4: Üretim & Operasyon Müdürü | N4: İstanbul Merkez | O4: 45647 | P4: - | Q4: - | R4: - | S4: Aktif | T4: 28400 | U4: 0 | V4: 40 | W4: 27 | X4: 01-Istirahat | Y4: 3 | Z4: 6 | AA4: 0 | AB4: 0 | AC4: 5 | AD4: 32 | AE4: Kariyer.net | AG4: =DATEDIF(O4,TODAY(),"Y") -> 1 | AH4: {=_xlfn.IFS(E4>49,"50+",E4>39,"40-49",E4>29,"30-39",E4>19,"20-29")} -> 20-29 | AI4: {=_xlfn.IFS(AG4>10,"10+",AG4>4,"5-10 YIL",AG4>2,"3-5 YIL",AG4>0.9,"1-3 YIL",AG4<1,"0-1 YIL")} -> 1-3 YIL | AJ4: =YEAR(O4) -> 2024 | AK4: =YEAR(P4) -> #VALUE!
A5: PER0004 | B5: Merve Aydın | C5: Kadın | D5: 36008 | E5: 28 | F5: Evli | G5: 0 | H5: Lisans | I5: Satış & Pazarlama | J5: Satış Temsilcisi | K5: Junior | L5: Beyaz Yaka | M5: Satış & Pazarlama Müdürü | N5: İstanbul Merkez | O5: 46038 | P5: - | Q5: - | R5: - | S5: Aktif | T5: 34900 | U5: 9900 | V5: 4 | W5: 27 | X5: 01-Istirahat | Y5: 3 | Z5: 0 | AA5: 0 | AB5: 0 | AC5: 4 | AD5: 20 | AE5: Kariyer.net | AG5: =DATEDIF(O5,TODAY(),"Y") -> 0 | AH5: {=_xlfn.IFS(E5>49,"50+",E5>39,"40-49",E5>29,"30-39",E5>19,"20-29")} -> 20-29 | AI5: {=_xlfn.IFS(AG5>10,"10+",AG5>4,"5-10 YIL",AG5>2,"3-5 YIL",AG5>0.9,"1-3 YIL",AG5<1,"0-1 YIL")} -> 0-1 YIL | AJ5: =YEAR(O5) -> 2026 | AK5: =YEAR(P5) -> #VALUE!
A6: PER0005 | B6: Fatma Öztürk | C6: Kadın | D6: 37316 | E6: 24 | F6: Bekar | G6: 0 | H6: Lisans | I6: Üretim & Operasyon | J6: Operatör | K6: Junior | L6: Mavi Yaka | M6: Üretim & Operasyon Müdürü | N6: Gebze Fabrika | O6: 46169 | P6: - | Q6: - | R6: - | S6: Aktif | T6: 26200 | U6: 0 | V6: 18 | W6: 29 | X6: 01-Istirahat | Y6: 1 | Z6: 0 | AA6: 0 | AB6: 0 | AC6: 3 | AD6: 8 | AE6: Kariyer.net | AG6: =DATEDIF(O6,TODAY(),"Y") -> 0 | AH6: {=_xlfn.IFS(E6>49,"50+",E6>39,"40-49",E6>29,"30-39",E6>19,"20-29")} -> 20-29 | AI6: {=_xlfn.IFS(AG6>10,"10+",AG6>4,"5-10 YIL",AG6>2,"3-5 YIL",AG6>0.9,"1-3 YIL",AG6<1,"0-1 YIL")} -> 0-1 YIL | AJ6: =YEAR(O6) -> 2026 | AK6: =YEAR(P6) -> #VALUE!
A7: PER0006 | B7: Mustafa Çetin | C7: Erkek | D7: 29557 | E7: 46 | F7: Evli | G7: 1 | H7: Lisans | I7: Finans & Muhasebe | J7: Mali İşler Uzmanı | K7: Senior | L7: Beyaz Yaka | M7: Finans & Muhasebe Müdürü | N7: İstanbul Merkez | O7: 43082 | P7: - | Q7: - | R7: - | S7: Aktif | T7: 62400 | U7: 8600 | V7: 3 | W7: 28 | X7: 01-Istirahat | Y7: 2 | Z7: 9 | AA7: 0 | AB7: 0 | AC7: 2 | AD7: 8 | AE7: Şirket Web Sitesi | AG7: =DATEDIF(O7,TODAY(),"Y") -> 8 | AH7: {=_xlfn.IFS(E7>49,"50+",E7>39,"40-49",E7>29,"30-39",E7>19,"20-29")} -> 40-49 | AI7: {=_xlfn.IFS(AG7>10,"10+",AG7>4,"5-10 YIL",AG7>2,"3-5 YIL",AG7>0.9,"1-3 YIL",AG7<1,"0-1 YIL")} -> 5-10 YIL | AJ7: =YEAR(O7) -> 2017 | AK7: =YEAR(P7) -> #VALUE!
A8: PER0007 | B8: İrem Çetin | C8: Kadın | D8: 38272 | E8: 22 | F8: Evli | G8: 1 | H8: Lisans | I8: Üretim & Operasyon | J8: Operatör | K8: Junior | L8: Mavi Yaka | M8: Üretim & Operasyon Müdürü | N8: İstanbul Merkez | O8: 45292 | P8: 45695 | Q8: İstifa (Kariyer Değişikliği) | R8: 4 | S8: Pasif | T8: 26500 | U8: 0 | V8: 21 | W8: 30 | X8: - | Y8: 0 | Z8: 0 | AA8: 0 | AB8: 0 | AC8: 5 | AD8: 38 | AE8: Kariyer.net | AG8: =DATEDIF(O8,TODAY(),"Y") -> 2 | AH8: {=_xlfn.IFS(E8>49,"50+",E8>39,"40-49",E8>29,"30-39",E8>19,"20-29")} -> 20-29 | AI8: {=_xlfn.IFS(AG8>10,"10+",AG8>4,"5-10 YIL",AG8>2,"3-5 YIL",AG8>0.9,"1-3 YIL",AG8<1,"0-1 YIL")} -> 1-3 YIL | AJ8: =YEAR(O8) -> 2024 | AK8: =YEAR(P8) -> 2025
A9: PER0008 | B9: Burak Öztürk | C9: Erkek | D9: 25395 | E9: 57 | F9: Evli | G9: 3 | H9: Lisans | I9: Üretim & Operasyon | J9: Üretim Müdürü | K9: Manager | L9: Beyaz Yaka | M9: Genel Müdür | N9: İstanbul Merkez | O9: 43068 | P9: - | Q9: - | R9: - | S9: Aktif | T9: 104100 | U9: 0 | V9: 7 | W9: 27 | X9: 02-Ucretsiz Izin | Y9: 0 | Z9: 5 | AA9: 3 | AB9: 0 | AC9: 3 | AD9: 17 | AE9: Referans | AG9: =DATEDIF(O9,TODAY(),"Y") -> 8 | AH9: {=_xlfn.IFS(E9>49,"50+",E9>39,"40-49",E9>29,"30-39",E9>19,"20-29")} -> 50+ | AI9: {=_xlfn.IFS(AG9>10,"10+",AG9>4,"5-10 YIL",AG9>2,"3-5 YIL",AG9>0.9,"1-3 YIL",AG9<1,"0-1 YIL")} -> 5-10 YIL | AJ9: =YEAR(O9) -> 2017 | AK9: =YEAR(P9) -> #VALUE!
A10: PER0009 | B10: İrem Yıldız | C10: Kadın | D10: 29422 | E10: 46 | F10: Bekar | G10: 0 | H10: Yüksek Lisans | I10: Üretim & Operasyon | J10: Takım Lideri | K10: Senior | L10: Mavi Yaka | M10: Üretim & Operasyon Müdürü | N10: İstanbul Merkez | O10: 43855 | P10: - | Q10: - | R10: - | S10: Aktif | T10: 44700 | U10: 0 | V10: 20 | W10: 30 | X10: - | Y10: 0 | Z10: 6 | AA10: 0 | AB10: 0 | AC10: 3 | AD10: 8 | AE10: Kariyer.net | AG10: =DATEDIF(O10,TODAY(),"Y") -> 6 | AH10: {=_xlfn.IFS(E10>49,"50+",E10>39,"40-49",E10>29,"30-39",E10>19,"20-29")} -> 40-49 | AI10: {=_xlfn.IFS(AG10>10,"10+",AG10>4,"5-10 YIL",AG10>2,"3-5 YIL",AG10>0.9,"1-3 YIL",AG10<1,"0-1 YIL")} -> 5-10 YIL | AJ10: =YEAR(O10) -> 2020 | AK10: =YEAR(P10) -> #VALUE!
A11: PER0010 | B11: Furkan Çelik | C11: Erkek | D11: 32951 | E11: 36 | F11: Evli | G11: 0 | H11: Önlisans | I11: Finans & Muhasebe | J11: Mali İşler Uzmanı | K11: Senior | L11: Beyaz Yaka | M11: Finans & Muhasebe Müdürü | N11: Ankara Merkez | O11: 41853 | P11: - | Q11: - | R11: - | S11: Aktif | T11: 65000 | U11: 5900 | V11: 3 | W11: 30 | X11: - | Y11: 0 | Z11: 5 | AA11: 0 | AB11: 0 | AC11: 3 | AD11: 4 | AE11: Kariyer.net | AG11: =DATEDIF(O11,TODAY(),"Y") -> 11 | AH11: {=_xlfn.IFS(E11>49,"50+",E11>39,"40-49",E11>29,"30-39",E11>19,"20-29")} -> 30-39 | AI11: {=_xlfn.IFS(AG11>10,"10+",AG11>4,"5-10 YIL",AG11>2,"3-5 YIL",AG11>0.9,"1-3 YIL",AG11<1,"0-1 YIL")} -> 10+ | AJ11: =YEAR(O11) -> 2014 | AK11: =YEAR(P11) -> #VALUE!
A12: PER0011 | B12: Furkan Aslan | C12: Erkek | D12: 37027 | E12: 25 | F12: Evli | G12: 1 | H12: Lisans | I12: Finans & Muhasebe | J12: Muhasebe Elemanı | K12: Junior | L12: Beyaz Yaka | M12: Finans & Muhasebe Müdürü | N12: İstanbul Merkez | O12: 46039 | P12: - | Q12: - | R12: - | S12: Aktif | T12: 37000 | U12: 0 | V12: 5 | W12: 29 | X12: 02-Ucretsiz Izin | Y12: 0 | Z12: 0 | AA12: 1 | AB12: 0 | AC12: 3 | AD12: 9 | AE12: Kariyer.net | AG12: =DATEDIF(O12,TODAY(),"Y") -> 0 | AH12: {=_xlfn.IFS(E12>49,"50+",E12>39,"40-49",E12>29,"30-39",E12>19,"20-29")} -> 20-29 | AI12: {=_xlfn.IFS(AG12>10,"10+",AG12>4,"5-10 YIL",AG12>2,"3-5 YIL",AG12>0.9,"1-3 YIL",AG12<1,"0-1 YIL")} -> 0-1 YIL | AJ12: =YEAR(O12) -> 2026 | AK12: =YEAR(P12) -> #VALUE!
A13: PER0012 | B13: Hasan Yılmaz | C13: Erkek | D13: 37998 | E13: 22 | F13: Evli | G13: 1 | H13: Lisans | I13: Üretim & Operasyon | J13: Operatör | K13: Junior | L13: Mavi Yaka | M13: Üretim & Operasyon Müdürü | N13: Bursa Merkez | O13: 44859 | P13: - | Q13: - | R13: - | S13: Aktif | T13: 25100 | U13: 0 | V13: 15 | W13: 30 | X13: - | Y13: 0 | Z13: 7 | AA13: 0 | AB13: 0 | AC13: 3 | AD13: 4 | AE13: Danışmanlık Firması | AG13: =DATEDIF(O13,TODAY(),"Y") -> 3 | AH13: {=_xlfn.IFS(E13>49,"50+",E13>39,"40-49",E13>29,"30-39",E13>19,"20-29")} -> 20-29 | AI13: {=_xlfn.IFS(AG13>10,"10+",AG13>4,"5-10 YIL",AG13>2,"3-5 YIL",AG13>0.9,"1-3 YIL",AG13<1,"0-1 YIL")} -> 3-5 YIL | AJ13: =YEAR(O13) -> 2022 | AK13: =YEAR(P13) -> #VALUE!
A14: PER0013 | B14: Selin Şahin | C14: Kadın | D14: 35295 | E14: 30 | F14: Evli | G14: 0 | H14: Lisans | I14: Üretim & Operasyon | J14: Takım Lideri | K14: Senior | L14: Mavi Yaka | M14: Üretim & Operasyon Müdürü | N14: İstanbul Merkez | O14: 42234 | P14: - | Q14: - | R14: - | S14: Aktif | T14: 40900 | U14: 0 | V14: 36 | W14: 30 | X14: - | Y14: 0 | Z14: 7 | AA14: 0 | AB14: 0 | AC14: 3 | AD14: 17 | AE14: Kariyer.net | AG14: =DATEDIF(O14,TODAY(),"Y") -> 10 | AH14: {=_xlfn.IFS(E14>49,"50+",E14>39,"40-49",E14>29,"30-39",E14>19,"20-29")} -> 30-39 | AI14: {=_xlfn.IFS(AG14>10,"10+",AG14>4,"5-10 YIL",AG14>2,"3-5 YIL",AG14>0.9,"1-3 YIL",AG14<1,"0-1 YIL")} -> 5-10 YIL | AJ14: =YEAR(O14) -> 2015 | AK14: =YEAR(P14) -> #VALUE!
A15: PER0014 | B15: Gamze Demir | C15: Kadın | D15: 35783 | E15: 29 | F15: Evli | G15: 1 | H15: Önlisans | I15: Satış & Pazarlama | J15: Satış Temsilcisi | K15: Junior | L15: Beyaz Yaka | M15: Satış & Pazarlama Müdürü | N15: İstanbul Merkez | O15: 44936 | P15: - | Q15: - | R15: - | S15: Aktif | T15: 31000 | U15: 0 | V15: 0 | W15: 27 | X15: 02-Ucretsiz Izin | Y15: 0 | Z15: 5 | AA15: 3 | AB15: 0 | AC15: 3 | AD15: 18 | AE15: LinkedIn | AG15: =DATEDIF(O15,TODAY(),"Y") -> 3 | AH15: {=_xlfn.IFS(E15>49,"50+",E15>39,"40-49",E15>29,"30-39",E15>19,"20-29")} -> 20-29 | AI15: {=_xlfn.IFS(AG15>10,"10+",AG15>4,"5-10 YIL",AG15>2,"3-5 YIL",AG15>0.9,"1-3 YIL",AG15<1,"0-1 YIL")} -> 3-5 YIL | AJ15: =YEAR(O15) -> 2023 | AK15: =YEAR(P15) -> #VALUE!
A16: PER0015 | B16: Burak Doğan | C16: Erkek | D16: 36631 | E16: 26 | F16: Evli | G16: 1 | H16: Lisans | I16: Satış & Pazarlama | J16: Satış Temsilcisi | K16: Junior | L16: Beyaz Yaka | M16: Satış & Pazarlama Müdürü | N16: İstanbul Merkez | O16: 44724 | P16: - | Q16: - | R16: - | S16: Aktif | T16: 35000 | U16: 12000 | V16: 5 | W16: 30 | X16: - | Y16: 0 | Z16: 2 | AA16: 0 | AB16: 0 | AC16: 3 | AD16: 6 | AE16: LinkedIn | AG16: =DATEDIF(O16,TODAY(),"Y") -> 4 | AH16: {=_xlfn.IFS(E16>49,"50+",E16>39,"40-49",E16>29,"30-39",E16>19,"20-29")} -> 20-29 | AI16: {=_xlfn.IFS(AG16>10,"10+",AG16>4,"5-10 YIL",AG16>2,"3-5 YIL",AG16>0.9,"1-3 YIL",AG16<1,"0-1 YIL")} -> 3-5 YIL | AJ16: =YEAR(O16) -> 2022 | AK16: =YEAR(P16) -> #VALUE!
A17: PER0016 | B17: Kübra Özdemir | C17: Kadın | D17: 36411 | E17: 27 | F17: Bekar | G17: 0 | H17: Önlisans | I17: Üretim & Operasyon | J17: Operatör | K17: Junior | L17: Mavi Yaka | M17: Üretim & Operasyon Müdürü | N17: Ankara Merkez | O17: 44842 | P17: - | Q17: - | R17: - | S17: Aktif | T17: 28500 | U17: 0 | V17: 14 | W17: 30 | X17: - | Y17: 0 | Z17: 11 | AA17: 0 | AB17: 0 | AC17: 2 | AD17: 15 | AE17: LinkedIn | AG17: =DATEDIF(O17,TODAY(),"Y") -> 3 | AH17: {=_xlfn.IFS(E17>49,"50+",E17>39,"40-49",E17>29,"30-39",E17>19,"20-29")} -> 20-29 | AI17: {=_xlfn.IFS(AG17>10,"10+",AG17>4,"5-10 YIL",AG17>2,"3-5 YIL",AG17>0.9,"1-3 YIL",AG17<1,"0-1 YIL")} -> 3-5 YIL | AJ17: =YEAR(O17) -> 2022 | AK17: =YEAR(P17) -> #VALUE!
A18: PER0017 | B18: Dilan Çetin | C18: Kadın | D18: 34842 | E18: 31 | F18: Bekar | G18: 0 | H18: Lisans | I18: Satış & Pazarlama | J18: Kıdemli Satış Uzmanı | K18: Senior | L18: Beyaz Yaka | M18: Satış & Pazarlama Müdürü | N18: İstanbul Merkez | O18: 44829 | P18: - | Q18: - | R18: - | S18: Aktif | T18: 59200 | U18: 6600 | V18: 1 | W18: 27 | X18: 01-Istirahat | Y18: 3 | Z18: 7 | AA18: 0 | AB18: 0 | AC18: 3 | AD18: 5 | AE18: Kariyer.net | AG18: =DATEDIF(O18,TODAY(),"Y") -> 3 | AH18: {=_xlfn.IFS(E18>49,"50+",E18>39,"40-49",E18>29,"30-39",E18>19,"20-29")} -> 30-39 | AI18: {=_xlfn.IFS(AG18>10,"10+",AG18>4,"5-10 YIL",AG18>2,"3-5 YIL",AG18>0.9,"1-3 YIL",AG18<1,"0-1 YIL")} -> 3-5 YIL | AJ18: =YEAR(O18) -> 2022 | AK18: =YEAR(P18) -> #VALUE!
A19: PER0018 | B19: Mehmet Yılmaz | C19: Erkek | D19: 35865 | E19: 28 | F19: Bekar | G19: 0 | H19: Lisans | I19: Satış & Pazarlama | J19: Kıdemli Satış Uzmanı | K19: Senior | L19: Beyaz Yaka | M19: Satış & Pazarlama Müdürü | N19: Bursa Merkez | O19: 44978 | P19: - | Q19: - | R19: - | S19: Aktif | T19: 61300 | U19: 16100 | V19: 4 | W19: 30 | X19: - | Y19: 0 | Z19: 1 | AA19: 0 | AB19: 0 | AC19: 1 | AD19: 19 | AE19: Kariyer.net | AG19: =DATEDIF(O19,TODAY(),"Y") -> 3 | AH19: {=_xlfn.IFS(E19>49,"50+",E19>39,"40-49",E19>29,"30-39",E19>19,"20-29")} -> 20-29 | AI19: {=_xlfn.IFS(AG19>10,"10+",AG19>4,"5-10 YIL",AG19>2,"3-5 YIL",AG19>0.9,"1-3 YIL",AG19<1,"0-1 YIL")} -> 3-5 YIL | AJ19: =YEAR(O19) -> 2023 | AK19: =YEAR(P19) -> #VALUE!
A20: PER0019 | B20: Ayşe Aslan | C20: Kadın | D20: 36854 | E20: 26 | F20: Bekar | G20: 0 | H20: Önlisans | I20: Üretim & Operasyon | J20: Operatör | K20: Junior | L20: Mavi Yaka | M20: Üretim & Operasyon Müdürü | N20: Bursa Merkez | O20: 45592 | P20: - | Q20: - | R20: - | S20: Aktif | T20: 25200 | U20: 0 | V20: 19 | W20: 28 | X20: 10-Devamsizlik | Y20: 0 | Z20: 2 | AA20: 0 | AB20: 2 | AC20: 3 | AD20: 19 | AE20: LinkedIn | AG20: =DATEDIF(O20,TODAY(),"Y") -> 1 | AH20: {=_xlfn.IFS(E20>49,"50+",E20>39,"40-49",E20>29,"30-39",E20>19,"20-29")} -> 20-29 | AI20: {=_xlfn.IFS(AG20>10,"10+",AG20>4,"5-10 YIL",AG20>2,"3-5 YIL",AG20>0.9,"1-3 YIL",AG20<1,"0-1 YIL")} -> 1-3 YIL | AJ20: =YEAR(O20) -> 2024 | AK20: =YEAR(P20) -> #VALUE!
... A22: PER0021 | B22: Can Şahin | C22: Erkek | D22: 31711 | E22: 40 | F22: Evli | G22: 1 | H22: Lisans | I22: Satış & Pazarlama | J22: Kıdemli Satış Uzmanı | K22: Senior | L22: Beyaz Yaka | M22: Satış & Pazarlama Müdürü | N22: Bursa Merkez | O22: 43395 | P22: - | Q22: - | R22: - | S22: Aktif | T22: 60400 | U22: 14300 | V22: 3 | W22: 29 | X22: 01-Istirahat | Y22: 1 | Z22: 0 | AA22: 0 | AB22: 0 | AC22: 2 | AD22: 8 | AE22: Kariyer.net | AG22: =DATEDIF(O22,TODAY(),"Y") -> 7 | AH22: {=_xlfn.IFS(E22>49,"50+",E22>39,"40-49",E22>29,"30-39",E22>19,"20-29")} -> 40-49 | AI22: {=_xlfn.IFS(AG22>10,"10+",AG22>4,"5-10 YIL",AG22>2,"3-5 YIL",AG22>0.9,"1-3 YIL",AG22<1,"0-1 YIL")} -> 5-10 YIL | AJ22: =YEAR(O22) -> 2018 | AK22: =YEAR(P22) -> #VALUE!
A23: PER0022 | B23: Ecem Kaya | C23: Kadın | D23: 36697 | E23: 26 | F23: Bekar | G23: 0 | H23: Önlisans | I23: Üretim & Operasyon | J23: Operatör | K23: Junior | L23: Mavi Yaka | M23: Üretim & Operasyon Müdürü | N23: İstanbul Merkez | O23: 46029 | P23: 46062 | Q23: İstifa (Kariyer Değişikliği) | R23: 4 | S23: Pasif | T23: 27300 | U23: 0 | V23: 28 | W23: 29 | X23: 01-Istirahat | Y23: 1 | Z23: 0 | AA23: 0 | AB23: 0 | AC23: 4 | AD23: 18 | AE23: Kariyer.net | AG23: =DATEDIF(O23,TODAY(),"Y") -> 0 | AH23: {=_xlfn.IFS(E23>49,"50+",E23>39,"40-49",E23>29,"30-39",E23>19,"20-29")} -> 20-29 | AI23: {=_xlfn.IFS(AG23>10,"10+",AG23>4,"5-10 YIL",AG23>2,"3-5 YIL",AG23>0.9,"1-3 YIL",AG23<1,"0-1 YIL")} -> 0-1 YIL | AJ23: =YEAR(O23) -> 2026 | AK23: =YEAR(P23) -> 2026
A24: PER0023 | B24: Elif Kılıç | C24: Kadın | D24: 30164 | E24: 44 | F24: Evli | G24: 2 | H24: Lisans | I24: Satış & Pazarlama | J24: Kıdemli Satış Uzmanı | K24: Senior | L24: Beyaz Yaka | M24: Satış & Pazarlama Müdürü | N24: Ankara Merkez | O24: 42040 | P24: 45697 | Q24: Performans Yetersizliği | R24: 17 | S24: Pasif | T24: 58400 | U24: 0 | V24: 4 | W24: 20 | X24: 01-Istirahat | Y24: 10 | Z24: 2 | AA24: 0 | AB24: 0 | AC24: 3 | AD24: 19 | AE24: LinkedIn | AG24: =DATEDIF(O24,TODAY(),"Y") -> 11 | AH24: {=_xlfn.IFS(E24>49,"50+",E24>39,"40-49",E24>29,"30-39",E24>19,"20-29")} -> 40-49 | AI24: {=_xlfn.IFS(AG24>10,"10+",AG24>4,"5-10 YIL",AG24>2,"3-5 YIL",AG24>0.9,"1-3 YIL",AG24<1,"0-1 YIL")} -> 10+ | AJ24: =YEAR(O24) -> 2015 | AK24: =YEAR(P24) -> 2025
A25: PER0024 | B25: Kübra Kara | C25: Kadın | D25: 30114 | E25: 44 | F25: Bekar | G25: 0 | H25: Lisans | I25: Satış & Pazarlama | J25: Satış Müdürü | K25: Manager | L25: Beyaz Yaka | M25: Genel Müdür | N25: İstanbul Merkez | O25: 41635 | P25: - | Q25: - | R25: - | S25: Aktif | T25: 103300 | U25: 27000 | V25: 3 | W25: 30 | X25: - | Y25: 0 | Z25: 8 | AA25: 0 | AB25: 0 | AC25: 3 | AD25: 18 | AE25: LinkedIn | AG25: =DATEDIF(O25,TODAY(),"Y") -> 12 | AH25: {=_xlfn.IFS(E25>49,"50+",E25>39,"40-49",E25>29,"30-39",E25>19,"20-29")} -> 40-49 | AI25: {=_xlfn.IFS(AG25>10,"10+",AG25>4,"5-10 YIL",AG25>2,"3-5 YIL",AG25>0.9,"1-3 YIL",AG25<1,"0-1 YIL")} -> 10+ | AJ25: =YEAR(O25) -> 2013 | AK25: =YEAR(P25) -> #VALUE!
A26: PER0025 | B26: Selin Kılıç | C26: Kadın | D26: 38284 | E26: 22 | F26: Evli | G26: 0 | H26: Önlisans | I26: Üretim & Operasyon | J26: Operatör | K26: Junior | L26: Mavi Yaka | M26: Üretim & Operasyon Müdürü | N26: İzmir Merkez | O26: 45523 | P26: - | Q26: - | R26: - | S26: Aktif | T26: 24000 | U26: 0 | V26: 42 | W26: 29 | X26: 01-Istirahat | Y26: 1 | Z26: 14 | AA26: 0 | AB26: 0 | AC26: 3 | AD26: 18 | AE26: Referans | AG26: =DATEDIF(O26,TODAY(),"Y") -> 1 | AH26: {=_xlfn.IFS(E26>49,"50+",E26>39,"40-49",E26>29,"30-39",E26>19,"20-29")} -> 20-29 | AI26: {=_xlfn.IFS(AG26>10,"10+",AG26>4,"5-10 YIL",AG26>2,"3-5 YIL",AG26>0.9,"1-3 YIL",AG26<1,"0-1 YIL")} -> 1-3 YIL | AJ26: =YEAR(O26) -> 2024 | AK26: =YEAR(P26) -> #VALUE!
A27: PER0026 | B27: Ali Kara | C27: Erkek | D27: 26074 | E27: 55 | F27: Evli | G27: 0 | H27: Yüksek Lisans | I27: Finans & Muhasebe | J27: Finans Müdürü | K27: Manager | L27: Beyaz Yaka | M27: Genel Müdür | N27: Bursa Merkez | O27: 41992 | P27: - | Q27: - | R27: - | S27: Aktif | T27: 112800 | U27: 0 | V27: 0 | W27: 25 | X27: 01-Istirahat | Y27: 5 | Z27: 13 | AA27: 0 | AB27: 0 | AC27: 4 | AD27: 19 | AE27: Kariyer.net | AG27: =DATEDIF(O27,TODAY(),"Y") -> 11 | AH27: {=_xlfn.IFS(E27>49,"50+",E27>39,"40-49",E27>29,"30-39",E27>19,"20-29")} -> 50+ | AI27: {=_xlfn.IFS(AG27>10,"10+",AG27>4,"5-10 YIL",AG27>2,"3-5 YIL",AG27>0.9,"1-3 YIL",AG27<1,"0-1 YIL")} -> 10+ | AJ27: =YEAR(O27) -> 2014 | AK27: =YEAR(P27) -> #VALUE!
A28: PER0027 | B28: Ayşe Öztürk | C28: Kadın | D28: 32106 | E28: 39 | F28: Bekar | G28: 0 | H28: Lisans | I28: Üretim & Operasyon | J28: Takım Lideri | K28: Senior | L28: Mavi Yaka | M28: Üretim & Operasyon Müdürü | N28: Bursa Merkez | O28: 43506 | P28: - | Q28: - | R28: - | S28: Aktif | T28: 41400 | U28: 0 | V28: 30 | W28: 30 | X28: - | Y28: 0 | Z28: 6 | AA28: 0 | AB28: 0 | AC28: 1 | AD28: 7 | AE28: Kariyer.net | AG28: =DATEDIF(O28,TODAY(),"Y") -> 7 | AH28: {=_xlfn.IFS(E28>49,"50+",E28>39,"40-49",E28>29,"30-39",E28>19,"20-29")} -> 30-39 | AI28: {=_xlfn.IFS(AG28>10,"10+",AG28>4,"5-10 YIL",AG28>2,"3-5 YIL",AG28>0.9,"1-3 YIL",AG28<1,"0-1 YIL")} -> 5-10 YIL | AJ28: =YEAR(O28) -> 2019 | AK28: =YEAR(P28) -> #VALUE!
A29: PER0028 | B29: Hüseyin Doğan | C29: Erkek | D29: 37626 | E29: 23 | F29: Evli | G29: 2 | H29: Lisans | I29: Finans & Muhasebe | J29: Muhasebe Elemanı | K29: Junior | L29: Beyaz Yaka | M29: Finans & Muhasebe Müdürü | N29: İstanbul Merkez | O29: 45159 | P29: - | Q29: - | R29: - | S29: Aktif | T29: 39700 | U29: 0 | V29: 7 | W29: 30 | X29: - | Y29: 0 | Z29: 1 | AA29: 0 | AB29: 0 | AC29: 3 | AD29: 12 | AE29: Kariyer.net | AG29: =DATEDIF(O29,TODAY(),"Y") -> 2 | AH29: {=_xlfn.IFS(E29>49,"50+",E29>39,"40-49",E29>29,"30-39",E29>19,"20-29")} -> 20-29 | AI29: {=_xlfn.IFS(AG29>10,"10+",AG29>4,"5-10 YIL",AG29>2,"3-5 YIL",AG29>0.9,"1-3 YIL",AG29<1,"0-1 YIL")} -> 1-3 YIL | AJ29: =YEAR(O29) -> 2023 | AK29: =YEAR(P29) -> #VALUE!
A30: PER0029 | B30: Kübra Özdemir | C30: Kadın | D30: 38073 | E30: 22 | F30: Evli | G30: 1 | H30: Lisans | I30: Üretim & Operasyon | J30: Operatör | K30: Junior | L30: Mavi Yaka | M30: Üretim & Operasyon Müdürü | N30: Gebze Fabrika | O30: 45351 | P30: 45441 | Q30: İstifa (Kariyer Değişikliği) | R30: 4 | S30: Pasif | T30: 24000 | U30: 0 | V30: 14 | W30: 30 | X30: - | Y30: 0 | Z30: 5 | AA30: 0 | AB30: 0 | AC30: 2 | AD30: 10 | AE30: Kariyer.net | AG30: =DATEDIF(O30,TODAY(),"Y") -> 2 | AH30: {=_xlfn.IFS(E30>49,"50+",E30>39,"40-49",E30>29,"30-39",E30>19,"20-29")} -> 20-29 | AI30: {=_xlfn.IFS(AG30>10,"10+",AG30>4,"5-10 YIL",AG30>2,"3-5 YIL",AG30>0.9,"1-3 YIL",AG30<1,"0-1 YIL")} -> 1-3 YIL | AJ30: =YEAR(O30) -> 2024 | AK30: =YEAR(P30) -> 2024
A31: PER0030 | B31: Ahmet Çetin | C31: Erkek | D31: 32420 | E31: 38 | F31: Evli | G31: 1 | H31: Önlisans | I31: Satış & Pazarlama | J31: Kıdemli Satış Uzmanı | K31: Senior | L31: Beyaz Yaka | M31: Satış & Pazarlama Müdürü | N31: İstanbul Merkez | O31: 44822 | P31: - | Q31: - | R31: - | S31: Aktif | T31: 58800 | U31: 20400 | V31: 5 | W31: 30 | X31: - | Y31: 0 | Z31: 13 | AA31: 0 | AB31: 0 | AC31: 3 | AD31: 14 | AE31: LinkedIn | AG31: =DATEDIF(O31,TODAY(),"Y") -> 3 | AH31: {=_xlfn.IFS(E31>49,"50+",E31>39,"40-49",E31>29,"30-39",E31>19,"20-29")} -> 30-39 | AI31: {=_xlfn.IFS(AG31>10,"10+",AG31>4,"5-10 YIL",AG31>2,"3-5 YIL",AG31>0.9,"1-3 YIL",AG31<1,"0-1 YIL")} -> 3-5 YIL | AJ31: =YEAR(O31) -> 2022 | AK31: =YEAR(P31) -> #VALUE!
A32: PER0031 | B32: Defne Öztürk | C32: Kadın | D32: 31486 | E32: 40 | F32: Bekar | G32: 0 | H32: Yüksek Lisans | I32: Bilgi Teknolojileri | J32: BT Müdürü | K32: Manager | L32: Beyaz Yaka | M32: Genel Müdür | N32: Bursa Merkez | O32: 43426 | P32: - | Q32: - | R32: - | S32: Aktif | T32: 123100 | U32: 0 | V32: 6 | W32: 30 | X32: - | Y32: 0 | Z32: 8 | AA32: 0 | AB32: 0 | AC32: 4 | AD32: 31 | AE32: Kariyer.net | AG32: =DATEDIF(O32,TODAY(),"Y") -> 7 | AH32: {=_xlfn.IFS(E32>49,"50+",E32>39,"40-49",E32>29,"30-39",E32>19,"20-29")} -> 40-49 | AI32: {=_xlfn.IFS(AG32>10,"10+",AG32>4,"5-10 YIL",AG32>2,"3-5 YIL",AG32>0.9,"1-3 YIL",AG32<1,"0-1 YIL")} -> 5-10 YIL | AJ32: =YEAR(O32) -> 2018 | AK32: =YEAR(P32) -> #VALUE!
A33: PER0032 | B33: Ecem Aslan | C33: Kadın | D33: 37747 | E33: 23 | F33: Evli | G33: 1 | H33: Lisans | I33: Üretim & Operasyon | J33: Operatör | K33: Junior | L33: Mavi Yaka | M33: Üretim & Operasyon Müdürü | N33: Gebze Fabrika | O33: 45994 | P33: - | Q33: - | R33: - | S33: Aktif | T33: 25500 | U33: 0 | V33: 15 | W33: 30 | X33: - | Y33: 0 | Z33: 0 | AA33: 0 | AB33: 0 | AC33: 2 | AD33: 17 | AE33: LinkedIn | AG33: =DATEDIF(O33,TODAY(),"Y") -> 0 | AH33: {=_xlfn.IFS(E33>49,"50+",E33>39,"40-49",E33>29,"30-39",E33>19,"20-29")} -> 20-29 | AI33: {=_xlfn.IFS(AG33>10,"10+",AG33>4,"5-10 YIL",AG33>2,"3-5 YIL",AG33>0.9,"1-3 YIL",AG33<1,"0-1 YIL")} -> 0-1 YIL | AJ33: =YEAR(O33) -> 2025 | AK33: =YEAR(P33) -> #VALUE!
A34: PER0033 | B34: Dilan Çetin | C34: Kadın | D34: 31513 | E34: 40 | F34: Evli | G34: 2 | H34: Önlisans | I34: Üretim & Operasyon | J34: Üretim Müdürü | K34: Manager | L34: Beyaz Yaka | M34: Genel Müdür | N34: İstanbul Merkez | O34: 43979 | P34: - | Q34: - | R34: - | S34: Aktif | T34: 108800 | U34: 0 | V34: 7 | W34: 29 | X34: 01-Istirahat | Y34: 1 | Z34: 1 | AA34: 0 | AB34: 0 | AC34: 3 | AD34: 9 | AE34: Kariyer.net | AG34: =DATEDIF(O34,TODAY(),"Y") -> 6 | AH34: {=_xlfn.IFS(E34>49,"50+",E34>39,"40-49",E34>29,"30-39",E34>19,"20-29")} -> 40-49 | AI34: {=_xlfn.IFS(AG34>10,"10+",AG34>4,"5-10 YIL",AG34>2,"3-5 YIL",AG34>0.9,"1-3 YIL",AG34<1,"0-1 YIL")} -> 5-10 YIL | AJ34: =YEAR(O34) -> 2020 | AK34: =YEAR(P34) -> #VALUE!
A35: PER0034 | B35: Can Yıldız | C35: Erkek | D35: 35926 | E35: 28 | F35: Bekar | G35: 0 | H35: Lisans | I35: Satış & Pazarlama | J35: Kıdemli Satış Uzmanı | K35: Senior | L35: Beyaz Yaka | M35: Satış & Pazarlama Müdürü | N35: İstanbul Merkez | O35: 42896 | P35: - | Q35: - | R35: - | S35: Aktif | T35: 58800 | U35: 11300 | V35: 4 | W35: 27 | X35: 02-Ucretsiz Izin | Y35: 0 | Z35: 12 | AA35: 3 | AB35: 0 | AC35: 3 | AD35: 2 | AE35: LinkedIn | AG35: =DATEDIF(O35,TODAY(),"Y") -> 9 | AH35: {=_xlfn.IFS(E35>49,"50+",E35>39,"40-49",E35>29,"30-39",E35>19,"20-29")} -> 20-29 | AI35: {=_xlfn.IFS(AG35>10,"10+",AG35>4,"5-10 YIL",AG35>2,"3-5 YIL",AG35>0.9,"1-3 YIL",AG35<1,"0-1 YIL")} -> 5-10 YIL | AJ35: =YEAR(O35) -> 2017 | AK35: =YEAR(P35) -> #VALUE!
A36: PER0035 | B36: Ecem Doğan | C36: Kadın | D36: 29809 | E36: 45 | F36: Evli | G36: 1 | H36: Lisans | I36: İnsan Kaynakları | J36: İK Uzmanı | K36: Senior | L36: Beyaz Yaka | M36: İnsan Kaynakları Müdürü | N36: İstanbul Merkez | O36: 43481 | P36: - | Q36: - | R36: - | S36: Aktif | T36: 53300 | U36: 0 | V36: 7 | W36: 28 | X36: 01-Istirahat | Y36: 2 | Z36: 11 | AA36: 0 | AB36: 0 | AC36: 2 | AD36: 6 | AE36: Referans | AG36: =DATEDIF(O36,TODAY(),"Y") -> 7 | AH36: {=_xlfn.IFS(E36>49,"50+",E36>39,"40-49",E36>29,"30-39",E36>19,"20-29")} -> 40-49 | AI36: {=_xlfn.IFS(AG36>10,"10+",AG36>4,"5-10 YIL",AG36>2,"3-5 YIL",AG36>0.9,"1-3 YIL",AG36<1,"0-1 YIL")} -> 5-10 YIL | AJ36: =YEAR(O36) -> 2019 | AK36: =YEAR(P36) -> #VALUE!
A37: PER0036 | B37: Oğuzhan Çetin | C37: Erkek | D37: 37408 | E37: 24 | F37: Evli | G37: 2 | H37: Lisans | I37: Üretim & Operasyon | J37: Operatör | K37: Junior | L37: Mavi Yaka | M37: Üretim & Operasyon Müdürü | N37: Bursa Merkez | O37: 46151 | P37: - | Q37: - | R37: - | S37: Aktif | T37: 25500 | U37: 0 | V37: 11 | W37: 30 | X37: - | Y37: 0 | Z37: 0 | AA37: 0 | AB37: 0 | AC37: 2 | AD37: 7 | AE37: LinkedIn | AG37: =DATEDIF(O37,TODAY(),"Y") -> 0 | AH37: {=_xlfn.IFS(E37>49,"50+",E37>39,"40-49",E37>29,"30-39",E37>19,"20-29")} -> 20-29 | AI37: {=_xlfn.IFS(AG37>10,"10+",AG37>4,"5-10 YIL",AG37>2,"3-5 YIL",AG37>0.9,"1-3 YIL",AG37<1,"0-1 YIL")} -> 0-1 YIL | AJ37: =YEAR(O37) -> 2026 | AK37: =YEAR(P37) -> #VALUE!
A38: PER0037 | B38: Oğuzhan Çelik | C38: Erkek | D38: 33974 | E38: 33 | F38: Bekar | G38: 0 | H38: Lisans | I38: Finans & Muhasebe | J38: Mali İşler Uzmanı | K38: Senior | L38: Beyaz Yaka | M38: Finans & Muhasebe Müdürü | N38: İstanbul Merkez | O38: 41868 | P38: - | Q38: - | R38: - | S38: Aktif | T38: 61700 | U38: 7800 | V38: 0 | W38: 30 | X38: - | Y38: 0 | Z38: 14 | AA38: 0 | AB38: 0 | AC38: 4 | AD38: 35 | AE38: Kariyer.net | AG38: =DATEDIF(O38,TODAY(),"Y") -> 11 | AH38: {=_xlfn.IFS(E38>49,"50+",E38>39,"40-49",E38>29,"30-39",E38>19,"20-29")} -> 30-39 | AI38: {=_xlfn.IFS(AG38>10,"10+",AG38>4,"5-10 YIL",AG38>2,"3-5 YIL",AG38>0.9,"1-3 YIL",AG38<1,"0-1 YIL")} -> 10+ | AJ38: =YEAR(O38) -> 2014 | AK38: =YEAR(P38) -> #VALUE!
A39: PER0038 | B39: Ömer Şahin | C39: Erkek | D39: 37930 | E39: 23 | F39: Evli | G39: 1 | H39: Lisans | I39: Üretim & Operasyon | J39: Operatör | K39: Junior | L39: Mavi Yaka | M39: Üretim & Operasyon Müdürü | N39: İstanbul Merkez | O39: 45296 | P39: - | Q39: - | R39: - | S39: Aktif | T39: 28300 | U39: 0 | V39: 15 | W39: 30 | X39: - | Y39: 0 | Z39: 13 | AA39: 0 | AB39: 0 | AC39: 4 | AD39: 19 | AE39: Kariyer.net | AG39: =DATEDIF(O39,TODAY(),"Y") -> 2 | AH39: {=_xlfn.IFS(E39>49,"50+",E39>39,"40-49",E39>29,"30-39",E39>19,"20-29")} -> 20-29 | AI39: {=_xlfn.IFS(AG39>10,"10+",AG39>4,"5-10 YIL",AG39>2,"3-5 YIL",AG39>0.9,"1-3 YIL",AG39<1,"0-1 YIL")} -> 1-3 YIL | AJ39: =YEAR(O39) -> 2024 | AK39: =YEAR(P39) -> #VALUE!
A40: PER0039 | B40: Hüseyin Aydın | C40: Erkek | D40: 30707 | E40: 42 | F40: Bekar | G40: 0 | H40: Yüksek Lisans | I40: Satış & Pazarlama | J40: Satış Müdürü | K40: Manager | L40: Beyaz Yaka | M40: Genel Müdür | N40: Gebze Fabrika | O40: 41010 | P40: - | Q40: - | R40: - | S40: Aktif | T40: 119400 | U40: 39600 | V40: 5 | W40: 30 | X40: - | Y40: 0 | Z40: 3 | AA40: 0 | AB40: 0 | AC40: 2 | AD40: 2 | AE40: Referans | AG40: =DATEDIF(O40,TODAY(),"Y") -> 14 | AH40: {=_xlfn.IFS(E40>49,"50+",E40>39,"40-49",E40>29,"30-39",E40>19,"20-29")} -> 40-49 | AI40: {=_xlfn.IFS(AG40>10,"10+",AG40>4,"5-10 YIL",AG40>2,"3-5 YIL",AG40>0.9,"1-3 YIL",AG40<1,"0-1 YIL")} -> 10+ | AJ40: =YEAR(O40) -> 2012 | AK40: =YEAR(P40) -> #VALUE!
A41: PER0040 | B41: Ömer Kara | C41: Erkek | D41: 29139 | E41: 47 | F41: Evli | G41: 0 | H41: Lisans | I41: Bilgi Teknolojileri | J41: Kıdemli Yazılım Uzmanı | K41: Senior | L41: Beyaz Yaka | M41: Bilgi Teknolojileri Müdürü | N41: Bursa Merkez | O41: 41863 | P41: - | Q41: - | R41: - | S41: Aktif | T41: 76500 | U41: 0 | V41: 2 | W41: 30 | X41: - | Y41: 0 | Z41: 3 | AA41: 0 | AB41: 0 | AC41: 3 | AD41: 2 | AE41: Kariyer.net | AG41: =DATEDIF(O41,TODAY(),"Y") -> 11 | AH41: {=_xlfn.IFS(E41>49,"50+",E41>39,"40-49",E41>29,"30-39",E41>19,"20-29")} -> 40-49 | AI41: {=_xlfn.IFS(AG41>10,"10+",AG41>4,"5-10 YIL",AG41>2,"3-5 YIL",AG41>0.9,"1-3 YIL",AG41<1,"0-1 YIL")} -> 10+ | AJ41: =YEAR(O41) -> 2014 | AK41: =YEAR(P41) -> #VALUE!
A42: PER0041 | B42: Burak Arslan | C42: Erkek | D42: 37120 | E42: 25 | F42: Evli | G42: 1 | H42: Lisans | I42: Üretim & Operasyon | J42: Operatör | K42: Junior | L42: Mavi Yaka | M42: Üretim & Operasyon Müdürü | N42: İzmir Merkez | O42: 45117 | P42: - | Q42: - | R42: - | S42: Aktif | T42: 24100 | U42: 0 | V42: 32 | W42: 30 | X42: - | Y42: 0 | Z42: 13 | AA42: 0 | AB42: 0 | AC42: 2 | AD42: 14 | AE42: Kariyer.net | AG42: =DATEDIF(O42,TODAY(),"Y") -> 2 | AH42: {=_xlfn.IFS(E42>49,"50+",E42>39,"40-49",E42>29,"30-39",E42>19,"20-29")} -> 20-29 | AI42: {=_xlfn.IFS(AG42>10,"10+",AG42>4,"5-10 YIL",AG42>2,"3-5 YIL",AG42>0.9,"1-3 YIL",AG42<1,"0-1 YIL")} -> 1-3 YIL | AJ42: =YEAR(O42) -> 2023 | AK42: =YEAR(P42) -> #VALUE!
... A47: PER0046 | B47: Aslan Özdemir | C47: Kadın | D47: 36775 | E47: 26 | F47: Evli | G47: 1 | H47: Lisans | I47: Üretim & Operasyon | J47: Operatör | K47: Junior | L47: Mavi Yaka | M47: Üretim & Operasyon Müdürü | N47: Ankara Merkez | O47: 45225 | P47: - | Q47: - | R47: - | S47: Aktif | T47: 26800 | U47: 0 | V47: 16 | W47: 30 | X47: - | Y47: 0 | Z47: 4 | AA47: 0 | AB47: 0 | AC47: 3 | AD47: 3 | AE47: LinkedIn | AG47: =DATEDIF(O47,TODAY(),"Y") -> 2 | AH47: {=_xlfn.IFS(E47>49,"50+",E47>39,"40-49",E47>29,"30-39",E47>19,"20-29")} -> 20-29 | AI47: {=_xlfn.IFS(AG47>10,"10+",AG47>4,"5-10 YIL",AG47>2,"3-5 YIL",AG47>0.9,"1-3 YIL",AG47<1,"0-1 YIL")} -> 1-3 YIL | AJ47: =YEAR(O47) -> 2023 | AK47: =YEAR(P47) -> #VALUE!
A48: PER0047 | B48: Ali Şahin | C48: Erkek | D48: 38176 | E48: 22 | F48: Bekar | G48: 0 | H48: Lisans | I48: Üretim & Operasyon | J48: Operatör | K48: Junior | L48: Mavi Yaka | M48: Üretim & Operasyon Müdürü | N48: İstanbul Merkez | O48: 45217 | P48: 45301 | Q48: Evlilik/Taşınma | R48: 3 | S48: Pasif | T48: 28400 | U48: 0 | V48: 14 | W48: 30 | X48: - | Y48: 0 | Z48: 14 | AA48: 0 | AB48: 0 | AC48: 3 | AD48: 12 | AE48: Referans | AG48: =DATEDIF(O48,TODAY(),"Y") -> 2 | AH48: {=_xlfn.IFS(E48>49,"50+",E48>39,"40-49",E48>29,"30-39",E48>19,"20-29")} -> 20-29 | AI48: {=_xlfn.IFS(AG48>10,"10+",AG48>4,"5-10 YIL",AG48>2,"3-5 YIL",AG48>0.9,"1-3 YIL",AG48<1,"0-1 YIL")} -> 1-3 YIL | AJ48: =YEAR(O48) -> 2023 | AK48: =YEAR(P48) -> 2024
A49: PER0048 | B49: Serkan Kaya | C49: Erkek | D49: 36748 | E49: 26 | F49: Bekar | G49: 0 | H49: Lisans | I49: Üretim & Operasyon | J49: Operatör | K49: Junior | L49: Mavi Yaka | M49: Üretim & Operasyon Müdürü | N49: İstanbul Merkez | O49: 45419 | P49: - | Q49: - | R49: - | S49: Aktif | T49: 27800 | U49: 0 | V49: 39 | W49: 30 | X49: - | Y49: 0 | Z49: 4 | AA49: 0 | AB49: 0 | AC49: 4 | AD49: 28 | AE49: Danışmanlık Firması | AG49: =DATEDIF(O49,TODAY(),"Y") -> 2 | AH49: {=_xlfn.IFS(E49>49,"50+",E49>39,"40-49",E49>29,"30-39",E49>19,"20-29")} -> 20-29 | AI49: {=_xlfn.IFS(AG49>10,"10+",AG49>4,"5-10 YIL",AG49>2,"3-5 YIL",AG49>0.9,"1-3 YIL",AG49<1,"0-1 YIL")} -> 1-3 YIL | AJ49: =YEAR(O49) -> 2024 | AK49: =YEAR(P49) -> #VALUE!
A50: PER0049 | B50: Hüseyin Kılıç | C50: Erkek | D50: 34230 | E50: 33 | F50: Evli | G50: 2 | H50: Lisans | I50: Satış & Pazarlama | J50: Kıdemli Satış Uzmanı | K50: Senior | L50: Beyaz Yaka | M50: Satış & Pazarlama Müdürü | N50: Bursa Merkez | O50: 42433 | P50: - | Q50: - | R50: - | S50: Aktif | T50: 59900 | U50: 6800 | V50: 1 | W50: 27 | X50: 02-Ucretsiz Izin | Y50: 0 | Z50: 9 | AA50: 3 | AB50: 0 | AC50: 3 | AD50: 8 | AE50: LinkedIn | AG50: =DATEDIF(O50,TODAY(),"Y") -> 10 | AH50: {=_xlfn.IFS(E50>49,"50+",E50>39,"40-49",E50>29,"30-39",E50>19,"20-29")} -> 30-39 | AI50: {=_xlfn.IFS(AG50>10,"10+",AG50>4,"5-10 YIL",AG50>2,"3-5 YIL",AG50>0.9,"1-3 YIL",AG50<1,"0-1 YIL")} -> 5-10 YIL | AJ50: =YEAR(O50) -> 2016 | AK50: =YEAR(P50) -> #VALUE!
A51: PER0050 | B51: Furkan Demir | C51: Erkek | D51: 33661 | E51: 34 | F51: Bekar | G51: 0 | H51: Doktora | I51: Üretim & Operasyon | J51: Takım Lideri | K51: Senior | L51: Mavi Yaka | M51: Üretim & Operasyon Müdürü | N51: İzmir Merkez | O51: 44245 | P51: - | Q51: - | R51: - | S51: Aktif | T51: 42800 | U51: 0 | V51: 44 | W51: 30 | X51: - | Y51: 0 | Z51: 2 | AA51: 0 | AB51: 0 | AC51: 3 | AD51: 13 | AE51: Kariyer.net | AG51: =DATEDIF(O51,TODAY(),"Y") -> 5 | AH51: {=_xlfn.IFS(E51>49,"50+",E51>39,"40-49",E51>29,"30-39",E51>19,"20-29")} -> 30-39 | AI51: {=_xlfn.IFS(AG51>10,"10+",AG51>4,"5-10 YIL",AG51>2,"3-5 YIL",AG51>0.9,"1-3 YIL",AG51<1,"0-1 YIL")} -> 5-10 YIL | AJ51: =YEAR(O51) -> 2021 | AK51: =YEAR(P51) -> #VALUE!
A52: PER0051 | B52: Mustafa Aslan | C52: Erkek | D52: 35499 | E52: 29 | F52: Bekar | G52: 0 | H52: Lisans | I52: Üretim & Operasyon | J52: Takım Lideri | K52: Senior | L52: Mavi Yaka | M52: Üretim & Operasyon Müdürü | N52: İstanbul Merkez | O52: 42853 | P52: - | Q52: - | R52: - | S52: Aktif | T52: 45000 | U52: 0 | V52: 22 | W52: 27 | X52: 02-Ucretsiz Izin | Y52: 0 | Z52: 10 | AA52: 1 | AB52: 2 | AC52: 3 | AD52: 18 | AE52: Kariyer.net | AG52: =DATEDIF(O52,TODAY(),"Y") -> 9 | AH52: {=_xlfn.IFS(E52>49,"50+",E52>39,"40-49",E52>29,"30-39",E52>19,"20-29")} -> 20-29 | AI52: {=_xlfn.IFS(AG52>10,"10+",AG52>4,"5-10 YIL",AG52>2,"3-5 YIL",AG52>0.9,"1-3 YIL",AG52<1,"0-1 YIL")} -> 5-10 YIL | AJ52: =YEAR(O52) -> 2017 | AK52: =YEAR(P52) -> #VALUE!
A53: PER0052 | B53: Furkan Aydın | C53: Erkek | D53: 30181 | E53: 44 | F53: Evli | G53: 1 | H53: Önlisans | I53: Üretim & Operasyon | J53: Takım Lideri | K53: Senior | L53: Mavi Yaka | M53: Üretim & Operasyon Müdürü | N53: İstanbul Merkez | O53: 44024 | P53: - | Q53: - | R53: - | S53: Aktif | T53: 42700 | U53: 0 | V53: 10 | W53: 27 | X53: 01-Istirahat | Y53: 3 | Z53: 14 | AA53: 0 | AB53: 0 | AC53: 3 | AD53: 13 | AE53: Danışmanlık Firması | AG53: =DATEDIF(O53,TODAY(),"Y") -> 5 | AH53: {=_xlfn.IFS(E53>49,"50+",E53>39,"40-49",E53>29,"30-39",E53>19,"20-29")} -> 40-49 | AI53: {=_xlfn.IFS(AG53>10,"10+",AG53>4,"5-10 YIL",AG53>2,"3-5 YIL",AG53>0.9,"1-3 YIL",AG53<1,"0-1 YIL")} -> 5-10 YIL | AJ53: =YEAR(O53) -> 2020 | AK53: =YEAR(P53) -> #VALUE!
A54: PER0053 | B54: Can Doğan | C54: Erkek | D54: 31164 | E54: 41 | F54: Evli | G54: 3 | H54: Yüksek Lisans | I54: Finans & Muhasebe | J54: Finans Müdürü | K54: Manager | L54: Beyaz Yaka | M54: Genel Müdür | N54: Gebze Fabrika | O54: 43180 | P54: 44543 | Q54: Evlilik/Taşınma | R54: 3 | S54: Pasif | T54: 115800 | U54: 0 | V54: 9 | W54: 29 | X54: 02-Ucretsiz Izin | Y54: 0 | Z54: 7 | AA54: 1 | AB54: 0 | AC54: 3 | AD54: 6 | AE54: Kariyer.net | AG54: =DATEDIF(O54,TODAY(),"Y") -> 8 | AH54: {=_xlfn.IFS(E54>49,"50+",E54>39,"40-49",E54>29,"30-39",E54>19,"20-29")} -> 40-49 | AI54: {=_xlfn.IFS(AG54>10,"10+",AG54>4,"5-10 YIL",AG54>2,"3-5 YIL",AG54>0.9,"1-3 YIL",AG54<1,"0-1 YIL")} -> 5-10 YIL | AJ54: =YEAR(O54) -> 2018 | AK54: =YEAR(P54) -> 2021
A55: PER0054 | B55: Ecem Demir | C55: Kadın | D55: 32672 | E55: 37 | F55: Evli | G55: 1 | H55: Lisans | I55: Üretim & Operasyon | J55: Üretim Müdürü | K55: Manager | L55: Beyaz Yaka | M55: Genel Müdür | N55: İstanbul Merkez | O55: 43498 | P55: - | Q55: - | R55: - | S55: Aktif | T55: 90900 | U55: 0 | V55: 3 | W55: 30 | X55: - | Y55: 0 | Z55: 8 | AA55: 0 | AB55: 0 | AC55: 3 | AD55: 10 | AE55: LinkedIn | AG55: =DATEDIF(O55,TODAY(),"Y") -> 7 | AH55: {=_xlfn.IFS(E55>49,"50+",E55>39,"40-49",E55>29,"30-39",E55>19,"20-29")} -> 30-39 | AI55: {=_xlfn.IFS(AG55>10,"10+",AG55>4,"5-10 YIL",AG55>2,"3-5 YIL",AG55>0.9,"1-3 YIL",AG55<1,"0-1 YIL")} -> 5-10 YIL | AJ55: =YEAR(O55) -> 2019 | AK55: =YEAR(P55) -> #VALUE!
A56: PER0055 | B56: Oğuzhan Özdemir | C56: Erkek | D56: 37547 | E56: 24 | F56: Evli | G56: 3 | H56: Lisans | I56: Üretim & Operasyon | J56: Operatör | K56: Junior | L56: Mavi Yaka | M56: Üretim & Operasyon Müdürü | N56: İstanbul Merkez | O56: 46137 | P56: - | Q56: - | R56: - | S56: Aktif | T56: 24100 | U56: 0 | V56: 26 | W56: 30 | X56: - | Y56: 0 | Z56: 0 | AA56: 0 | AB56: 0 | AC56: 4 | AD56: 14 | AE56: LinkedIn | AG56: =DATEDIF(O56,TODAY(),"Y") -> 0 | AH56: {=_xlfn.IFS(E56>49,"50+",E56>39,"40-49",E56>29,"30-39",E56>19,"20-29")} -> 20-29 | AI56: {=_xlfn.IFS(AG56>10,"10+",AG56>4,"5-10 YIL",AG56>2,"3-5 YIL",AG56>0.9,"1-3 YIL",AG56<1,"0-1 YIL")} -> 0-1 YIL | AJ56: =YEAR(O56) -> 2026 | AK56: =YEAR(P56) -> #VALUE!
A57: PER0056 | B57: Serkan Aslan | C57: Erkek | D57: 30633 | E57: 43 | F57: Evli | G57: 2 | H57: Lisans | I57: İnsan Kaynakları | J57: İK Müdürü | K57: Manager | L57: Beyaz Yaka | M57: Genel Müdür | N57: Gebze Fabrika | O57: 39620 | P57: 44101 | Q57: Evlilik/Taşınma | R57: 3 | S57: Pasif | T57: 110100 | U57: 7300 | V57: 9 | W57: 30 | X57: - | Y57: 0 | Z57: 9 | AA57: 0 | AB57: 0 | AC57: 2 | AD57: 12 | AE57: LinkedIn | AG57: =DATEDIF(O57,TODAY(),"Y") -> 18 | AH57: {=_xlfn.IFS(E57>49,"50+",E57>39,"40-49",E57>29,"30-39",E57>19,"20-29")} -> 40-49 | AI57: {=_xlfn.IFS(AG57>10,"10+",AG57>4,"5-10 YIL",AG57>2,"3-5 YIL",AG57>0.9,"1-3 YIL",AG57<1,"0-1 YIL")} -> 10+ | AJ57: =YEAR(O57) -> 2008 | AK57: =YEAR(P57) -> 2020
A58: PER0057 | B58: Mehmet Çelik | C58: Erkek | D58: 33087 | E58: 36 | F58: Evli | G58: 2 | H58: Lisans | I58: Bilgi Teknolojileri | J58: Kıdemli Yazılım Uzmanı | K58: Senior | L58: Beyaz Yaka | M58: Bilgi Teknolojileri Müdürü | N58: İstanbul Merkez | O58: 44891 | P58: - | Q58: - | R58: - | S58: Aktif | T58: 83500 | U58: 0 | V58: 6 | W58: 29 | X58: 02-Ucretsiz Izin | Y58: 0 | Z58: 14 | AA58: 1 | AB58: 0 | AC58: 3 | AD58: 16 | AE58: Şirket Web Sitesi | AG58: =DATEDIF(O58,TODAY(),"Y") -> 3 | AH58: {=_xlfn.IFS(E58>49,"50+",E58>39,"40-49",E58>29,"30-39",E58>19,"20-29")} -> 30-39 | AI58: {=_xlfn.IFS(AG58>10,"10+",AG58>4,"5-10 YIL",AG58>2,"3-5 YIL",AG58>0.9,"1-3 YIL",AG58<1,"0-1 YIL")} -> 3-5 YIL | AJ58: =YEAR(O58) -> 2022 | AK58: =YEAR(P58) -> #VALUE!
A59: PER0058 | B59: Aslan Çelik | C59: Kadın | D59: 37643 | E59: 23 | F59: Bekar | G59: 0 | H59: Önlisans | I59: Satış & Pazarlama | J59: Satış Temsilcisi | K59: Junior | L59: Beyaz Yaka | M59: Satış & Pazarlama Müdürü | N59: İstanbul Merkez | O59: 45689 | P59: - | Q59: - | R59: - | S59: Aktif | T59: 36000 | U59: 12400 | V59: 3 | W59: 30 | X59: - | Y59: 0 | Z59: 11 | AA59: 0 | AB59: 0 | AC59: 1 | AD59: 12 | AE59: Referans | AG59: =DATEDIF(O59,TODAY(),"Y") -> 1 | AH59: {=_xlfn.IFS(E59>49,"50+",E59>39,"40-49",E59>29,"30-39",E59>19,"20-29")} -> 20-29 | AI59: {=_xlfn.IFS(AG59>10,"10+",AG59>4,"5-10 YIL",AG59>2,"3-5 YIL",AG59>0.9,"1-3 YIL",AG59<1,"0-1 YIL")} -> 1-3 YIL | AJ59: =YEAR(O59) -> 2025 | AK59: =YEAR(P59) -> #VALUE!
A60: PER0059 | B60: Defne Doğan | C60: Kadın | D60: 31608 | E60: 40 | F60: Bekar | G60: 0 | H60: Lisans | I60: Finans & Muhasebe | J60: Mali İşler Uzmanı | K60: Senior | L60: Beyaz Yaka | M60: Finans & Muhasebe Müdürü | N60: İstanbul Merkez | O60: 41872 | P60: - | Q60: - | R60: - | S60: Aktif | T60: 57700 | U60: 0 | V60: 5 | W60: 30 | X60: - | Y60: 0 | Z60: 13 | AA60: 0 | AB60: 0 | AC60: 2 | AD60: 16 | AE60: Kariyer.net | AG60: =DATEDIF(O60,TODAY(),"Y") -> 11 | AH60: {=_xlfn.IFS(E60>49,"50+",E60>39,"40-49",E60>29,"30-39",E60>19,"20-29")} -> 40-49 | AI60: {=_xlfn.IFS(AG60>10,"10+",AG60>4,"5-10 YIL",AG60>2,"3-5 YIL",AG60>0.9,"1-3 YIL",AG60<1,"0-1 YIL")} -> 10+ | AJ60: =YEAR(O60) -> 2014 | AK60: =YEAR(P60) -> #VALUE!
A61: PER0060 | B61: Burak Demir | C61: Erkek | D61: 35697 | E61: 29 | F61: Evli | G61: 3 | H61: Lisans | I61: Üretim & Operasyon | J61: Operatör | K61: Junior | L61: Mavi Yaka | M61: Üretim & Operasyon Müdürü | N61: Ankara Merkez | O61: 46162 | P61: - | Q61: - | R61: - | S61: Aktif | T61: 26500 | U61: 0 | V61: 34 | W61: 28 | X61: 01-Istirahat | Y61: 2 | Z61: 0 | AA61: 0 | AB61: 0 | AC61: 4 | AD61: 31 | AE61: LinkedIn | AG61: =DATEDIF(O61,TODAY(),"Y") -> 0 | AH61: {=_xlfn.IFS(E61>49,"50+",E61>39,"40-49",E61>29,"30-39",E61>19,"20-29")} -> 20-29 | AI61: {=_xlfn.IFS(AG61>10,"10+",AG61>4,"5-10 YIL",AG61>2,"3-5 YIL",AG61>0.9,"1-3 YIL",AG61<1,"0-1 YIL")} -> 0-1 YIL | AJ61: =YEAR(O61) -> 2026 | AK61: =YEAR(P61) -> #VALUE!
A62: PER0061 | B62: Gökhan Şahin | C62: Erkek | D62: 36149 | E62: 28 | F62: Bekar | G62: 0 | H62: Yüksek Lisans | I62: Üretim & Operasyon | J62: Operatör | K62: Junior | L62: Mavi Yaka | M62: Üretim & Operasyon Müdürü | N62: İstanbul Merkez | O62: 45946 | P62: - | Q62: - | R62: - | S62: Aktif | T62: 24600 | U62: 0 | V62: 31 | W62: 30 | X62: - | Y62: 0 | Z62: 0 | AA62: 0 | AB62: 0 | AC62: 3 | AD62: 14 | AE62: LinkedIn | AG62: =DATEDIF(O62,TODAY(),"Y") -> 0 | AH62: {=_xlfn.IFS(E62>49,"50+",E62>39,"40-49",E62>29,"30-39",E62>19,"20-29")} -> 20-29 | AI62: {=_xlfn.IFS(AG62>10,"10+",AG62>4,"5-10 YIL",AG62>2,"3-5 YIL",AG62>0.9,"1-3 YIL",AG62<1,"0-1 YIL")} -> 0-1 YIL | AJ62: =YEAR(O62) -> 2025 | AK62: =YEAR(P62) -> #VALUE!
A63: PER0062 | B63: Hasan Kaya | C63: Erkek | D63: 33321 | E63: 35 | F63: Evli | G63: 1 | H63: Lisans | I63: İnsan Kaynakları | J63: İK Uzmanı | K63: Senior | L63: Beyaz Yaka | M63: İnsan Kaynakları Müdürü | N63: Gebze Fabrika | O63: 43211 | P63: - | Q63: - | R63: - | S63: Aktif | T63: 59700 | U63: 0 | V63: 5 | W63: 30 | X63: - | Y63: 0 | Z63: 7 | AA63: 0 | AB63: 0 | AC63: 1 | AD63: 2 | AE63: Kariyer.net | AG63: =DATEDIF(O63,TODAY(),"Y") -> 8 | AH63: {=_xlfn.IFS(E63>49,"50+",E63>39,"40-49",E63>29,"30-39",E63>19,"20-29")} -> 30-39 | AI63: {=_xlfn.IFS(AG63>10,"10+",AG63>4,"5-10 YIL",AG63>2,"3-5 YIL",AG63>0.9,"1-3 YIL",AG63<1,"0-1 YIL")} -> 5-10 YIL | AJ63: =YEAR(O63) -> 2018 | AK63: =YEAR(P63) -> #VALUE!
A64: PER0063 | B64: Selin Çetin | C64: Kadın | D64: 37662 | E64: 23 | F64: Evli | G64: 0 | H64: Lisans | I64: Üretim & Operasyon | J64: Operatör | K64: Junior | L64: Mavi Yaka | M64: Üretim & Operasyon Müdürü | N64: İstanbul Merkez | O64: 45139 | P64: 45485 | Q64: Evlilik/Taşınma | R64: 3 | S64: Pasif | T64: 23900 | U64: 0 | V64: 15 | W64: 30 | X64: - | Y64: 0 | Z64: 8 | AA64: 0 | AB64: 0 | AC64: 4 | AD64: 29 | AE64: Kariyer.net | AG64: =DATEDIF(O64,TODAY(),"Y") -> 2 | AH64: {=_xlfn.IFS(E64>49,"50+",E64>39,"40-49",E64>29,"30-39",E64>19,"20-29")} -> 20-29 | AI64: {=_xlfn.IFS(AG64>10,"10+",AG64>4,"5-10 YIL",AG64>2,"3-5 YIL",AG64>0.9,"1-3 YIL",AG64<1,"0-1 YIL")} -> 1-3 YIL | AJ64: =YEAR(O64) -> 2023 | AK64: =YEAR(P64) -> 2024
A65: PER0064 | B65: Hüseyin Doğan | C65: Erkek | D65: 33036 | E65: 36 | F65: Evli | G65: 1 | H65: Lisans | I65: Satış & Pazarlama | J65: Kıdemli Satış Uzmanı | K65: Senior | L65: Beyaz Yaka | M65: Satış & Pazarlama Müdürü | N65: Gebze Fabrika | O65: 44626 | P65: - | Q65: - | R65: - | S65: Aktif | T65: 57500 | U65: 14600 | V65: 5 | W65: 30 | X65: - | Y65: 0 | Z65: 6 | AA65: 0 | AB65: 0 | AC65: 3 | AD65: 13 | AE65: Kariyer.net | AG65: =DATEDIF(O65,TODAY(),"Y") -> 4 | AH65: {=_xlfn.IFS(E65>49,"50+",E65>39,"40-49",E65>29,"30-39",E65>19,"20-29")} -> 30-39 | AI65: {=_xlfn.IFS(AG65>10,"10+",AG65>4,"5-10 YIL",AG65>2,"3-5 YIL",AG65>0.9,"1-3 YIL",AG65<1,"0-1 YIL")} -> 3-5 YIL | AJ65: =YEAR(O65) -> 2022 | AK65: =YEAR(P65) -> #VALUE!
A66: PER0065 | B66: Burak Şahin | C66: Erkek | D66: 36532 | E66: 26 | F66: Bekar | G66: 0 | H66: Doktora | I66: Üretim & Operasyon | J66: Operatör | K66: Junior | L66: Mavi Yaka | M66: Üretim & Operasyon Müdürü | N66: Gebze Fabrika | O66: 45477 | P66: - | Q66: - | R66: - | S66: Aktif | T66: 28600 | U66: 0 | V66: 33 | W66: 30 | X66: - | Y66: 0 | Z66: 11 | AA66: 0 | AB66: 0 | AC66: 3 | AD66: 19 | AE66: Referans | AG66: =DATEDIF(O66,TODAY(),"Y") -> 1 | AH66: {=_xlfn.IFS(E66>49,"50+",E66>39,"40-49",E66>29,"30-39",E66>19,"20-29")} -> 20-29 | AI66: {=_xlfn.IFS(AG66>10,"10+",AG66>4,"5-10 YIL",AG66>2,"3-5 YIL",AG66>0.9,"1-3 YIL",AG66<1,"0-1 YIL")} -> 1-3 YIL | AJ66: =YEAR(O66) -> 2024 | AK66: =YEAR(P66) -> #VALUE!
A67: PER0066 | B67: Mustafa Arslan | C67: Erkek | D67: 32593 | E67: 37 | F67: Bekar | G67: 0 | H67: Lisans | I67: Finans & Muhasebe | J67: Mali İşler Uzmanı | K67: Senior | L67: Beyaz Yaka | M67: Finans & Muhasebe Müdürü | N67: Ankara Merkez | O67: 44102 | P67: - | Q67: - | R67: - | S67: Aktif | T67: 59600 | U67: 5800 | V67: 0 | W67: 30 | X67: - | Y67: 0 | Z67: 13 | AA67: 0 | AB67: 0 | AC67: 2 | AD67: 13 | AE67: Kariyer.net | AG67: =DATEDIF(O67,TODAY(),"Y") -> 5 | AH67: {=_xlfn.IFS(E67>49,"50+",E67>39,"40-49",E67>29,"30-39",E67>19,"20-29")} -> 30-39 | AI67: {=_xlfn.IFS(AG67>10,"10+",AG67>4,"5-10 YIL",AG67>2,"3-5 YIL",AG67>0.9,"1-3 YIL",AG67<1,"0-1 YIL")} -> 5-10 YIL | AJ67: =YEAR(O67) -> 2020 | AK67: =YEAR(P67) -> #VALUE!
A68: PER0067 | B68: Can Şahin | C68: Erkek | D68: 37078 | E68: 25 | F68: Evli | G68: 1 | H68: Önlisans | I68: Üretim & Operasyon | J68: Operatör | K68: Junior | L68: Mavi Yaka | M68: Üretim & Operasyon Müdürü | N68: İstanbul Merkez | O68: 45664 | P68: - | Q68: - | R68: - | S68: Aktif | T68: 28600 | U68: 0 | V68: 11 | W68: 28 | X68: 01-Istirahat | Y68: 2 | Z68: 0 | AA68: 0 | AB68: 0 | AC68: 2 | AD68: 14 | AE68: LinkedIn | AG68: =DATEDIF(O68,TODAY(),"Y") -> 1 | AH68: {=_xlfn.IFS(E68>49,"50+",E68>39,"40-49",E68>29,"30-39",E68>19,"20-29")} -> 20-29 | AI68: {=_xlfn.IFS(AG68>10,"10+",AG68>4,"5-10 YIL",AG68>2,"3-5 YIL",AG68>0.9,"1-3 YIL",AG68<1,"0-1 YIL")} -> 1-3 YIL | AJ68: =YEAR(O68) -> 2025 | AK68: =YEAR(P68) -> #VALUE!
A69: PER0068 | B69: Gamze Demir | C69: Kadın | D69: 35765 | E69: 29 | F69: Evli | G69: 1 | H69: Lisans | I69: Üretim & Operasyon | J69: Operatör | K69: Junior | L69: Mavi Yaka | M69: Üretim & Operasyon Müdürü | N69: Gebze Fabrika | O69: 45131 | P69: - | Q69: - | R69: - | S69: Aktif | T69: 24600 | U69: 0 | V69: 21 | W69: 30 | X69: - | Y69: 0 | Z69: 11 | AA69: 0 | AB69: 0 | AC69: 4 | AD69: 17 | AE69: LinkedIn | AG69: =DATEDIF(O69,TODAY(),"Y") -> 2 | AH69: {=_xlfn.IFS(E69>49,"50+",E69>39,"40-49",E69>29,"30-39",E69>19,"20-29")} -> 20-29 | AI69: {=_xlfn.IFS(AG69>10,"10+",AG69>4,"5-10 YIL",AG69>2,"3-5 YIL",AG69>0.9,"1-3 YIL",AG69<1,"0-1 YIL")} -> 1-3 YIL | AJ69: =YEAR(O69) -> 2023 | AK69: =YEAR(P69) -> #VALUE!
A70: PER0069 | B70: Elif Çetin | C70: Kadın | D70: 36647 | E70: 26 | F70: Evli | G70: 1 | H70: Yüksek Lisans | I70: Üretim & Operasyon | J70: Operatör | K70: Junior | L70: Mavi Yaka | M70: Üretim & Operasyon Müdürü | N70: İstanbul Merkez | O70: 45265 | P70: - | Q70: - | R70: - | S70: Aktif | T70: 24500 | U70: 0 | V70: 33 | W70: 29 | X70: 01-Istirahat | Y70: 1 | Z70: 8 | AA70: 0 | AB70: 0 | AC70: 4 | AD70: 35 | AE70: Kariyer.net | AG70: =DATEDIF(O70,TODAY(),"Y") -> 2 | AH70: {=_xlfn.IFS(E70>49,"50+",E70>39,"40-49",E70>29,"30-39",E70>19,"20-29")} -> 20-29 | AI70: {=_xlfn.IFS(AG70>10,"10+",AG70>4,"5-10 YIL",AG70>2,"3-5 YIL",AG70>0.9,"1-3 YIL",AG70<1,"0-1 YIL")} -> 1-3 YIL | AJ70: =YEAR(O70) -> 2023 | AK70: =YEAR(P70) -> #VALUE!
A71: PER0070 | B71: Gökhan Yıldız | C71: Erkek | D71: 37644 | E71: 23 | F71: Evli | G71: 0 | H71: Lisans | I71: Üretim & Operasyon | J71: Operatör | K71: Junior | L71: Mavi Yaka | M71: Üretim & Operasyon Müdürü | N71: Bursa Merkez | O71: 45910 | P71: - | Q71: - | R71: - | S71: Aktif | T71: 28600 | U71: 0 | V71: 43 | W71: 28 | X71: 01-Istirahat | Y71: 1 | Z71: 0 | AA71: 1 | AB71: 0 | AC71: 1 | AD71: 19 | AE71: Kariyer.net | AG71: =DATEDIF(O71,TODAY(),"Y") -> 0 | AH71: {=_xlfn.IFS(E71>49,"50+",E71>39,"40-49",E71>29,"30-39",E71>19,"20-29")} -> 20-29 | AI71: {=_xlfn.IFS(AG71>10,"10+",AG71>4,"5-10 YIL",AG71>2,"3-5 YIL",AG71>0.9,"1-3 YIL",AG71<1,"0-1 YIL")} -> 0-1 YIL | AJ71: =YEAR(O71) -> 2025 | AK71: =YEAR(P71) -> #VALUE!
A72: PER0071 | B72: Ömer Yılmaz | C72: Erkek | D72: 36655 | E72: 26 | F72: Evli | G72: 3 | H72: Lisans | I72: Üretim & Operasyon | J72: Operatör | K72: Junior | L72: Mavi Yaka | M72: Üretim & Operasyon Müdürü | N72: Gebze Fabrika | O72: 44989 | P72: - | Q72: - | R72: - | S72: Aktif | T72: 24500 | U72: 0 | V72: 15 | W72: 30 | X72: - | Y72: 0 | Z72: 8 | AA72: 0 | AB72: 0 | AC72: 4 | AD72: 24 | AE72: LinkedIn | AG72: =DATEDIF(O72,TODAY(),"Y") -> 3 | AH72: {=_xlfn.IFS(E72>49,"50+",E72>39,"40-49",E72>29,"30-39",E72>19,"20-29")} -> 20-29 | AI72: {=_xlfn.IFS(AG72>10,"10+",AG72>4,"5-10 YIL",AG72>2,"3-5 YIL",AG72>0.9,"1-3 YIL",AG72<1,"0-1 YIL")} -> 3-5 YIL | AJ72: =YEAR(O72) -> 2023 | AK72: =YEAR(P72) -> #VALUE!
A73: PER0072 | B73: Elif Aslan | C73: Kadın | D73: 25508 | E73: 57 | F73: Bekar | G73: 0 | H73: Yüksek Lisans | I73: Finans & Muhasebe | J73: Finans Müdürü | K73: Manager | L73: Beyaz Yaka | M73: Genel Müdür | N73: İstanbul Merkez | O73: 43274 | P73: - | Q73: - | R73: - | S73: Aktif | T73: 118800 | U73: 0 | V73: 9 | W73: 30 | X73: - | Y73: 0 | Z73: 11 | AA73: 0 | AB73: 0 | AC73: 3 | AD73: 2 | AE73: LinkedIn | AG73: =DATEDIF(O73,TODAY(),"Y") -> 8 | AH73: {=_xlfn.IFS(E73>49,"50+",E73>39,"40-49",E73>29,"30-39",E73>19,"20-29")} -> 50+ | AI73: {=_xlfn.IFS(AG73>10,"10+",AG73>4,"5-10 YIL",AG73>2,"3-5 YIL",AG73>0.9,"1-3 YIL",AG73<1,"0-1 YIL")} -> 5-10 YIL | AJ73: =YEAR(O73) -> 2018 | AK73: =YEAR(P73) -> #VALUE!
A74: PER0073 | B74: Hilal Yıldız | C74: Kadın | D74: 37658 | E74: 23 | F74: Evli | G74: 1 | H74: Lisans | I74: Üretim & Operasyon | J74: Operatör | K74: Junior | L74: Mavi Yaka | M74: Üretim & Operasyon Müdürü | N74: Gebze Fabrika | O74: 44962 | P74: - | Q74: - | R74: - | S74: Aktif | T74: 24300 | U74: 0 | V74: 14 | W74: 30 | X74: - | Y74: 0 | Z74: 11 | AA74: 0 | AB74: 0 | AC74: 3 | AD74: 7 | AE74: Kariyer.net | AG74: =DATEDIF(O74,TODAY(),"Y") -> 3 | AH74: {=_xlfn.IFS(E74>49,"50+",E74>39,"40-49",E74>29,"30-39",E74>19,"20-29")} -> 20-29 | AI74: {=_xlfn.IFS(AG74>10,"10+",AG74>4,"5-10 YIL",AG74>2,"3-5 YIL",AG74>0.9,"1-3 YIL",AG74<1,"0-1 YIL")} -> 3-5 YIL | AJ74: =YEAR(O74) -> 2023 | AK74: =YEAR(P74) -> #VALUE!
A75: PER0074 | B75: Serkan Aslan | C75: Erkek | D75: 32217 | E75: 38 | F75: Bekar | G75: 0 | H75: Lisans | I75: Bilgi Teknolojileri | J75: BT Müdürü | K75: Manager | L75: Beyaz Yaka | M75: Genel Müdür | N75: Ankara Merkez | O75: 40372 | P75: 44967 | Q75: İstifa (Kariyer Değişikliği) | R75: 4 | S75: Pasif | T75: 118000 | U75: 0 | V75: 2 | W75: 30 | X75: - | Y75: 0 | Z75: 13 | AA75: 0 | AB75: 0 | AC75: 3 | AD75: 18 | AE75: Danışmanlık Firması | AG75: =DATEDIF(O75,TODAY(),"Y") -> 15 | AH75: {=_xlfn.IFS(E75>49,"50+",E75>39,"40-49",E75>29,"30-39",E75>19,"20-29")} -> 30-39 | AI75: {=_xlfn.IFS(AG75>10,"10+",AG75>4,"5-10 YIL",AG75>2,"3-5 YIL",AG75>0.9,"1-3 YIL",AG75<1,"0-1 YIL")} -> 10+ | AJ75: =YEAR(O75) -> 2010 | AK75: =YEAR(P75) -> 2023
A76: PER0075 | B76: Hasan Doğan | C76: Erkek | D76: 32618 | E76: 37 | F76: Evli | G76: 2 | H76: Lisans | I76: Üretim & Operasyon | J76: Takım Lideri | K76: Senior | L76: Mavi Yaka | M76: Üretim & Operasyon Müdürü | N76: İstanbul Merkez | O76: 42259 | P76: - | Q76: - | R76: - | S76: Aktif | T76: 41000 | U76: 0 | V76: 22 | W76: 30 | X76: - | Y76: 0 | Z76: 5 | AA76: 0 | AB76: 0 | AC76: 4 | AD76: 26 | AE76: Kariyer.net | AG76: =DATEDIF(O76,TODAY(),"Y") -> 10 | AH76: {=_xlfn.IFS(E76>49,"50+",E76>39,"40-49",E76>29,"30-39",E76>19,"20-29")} -> 30-39 | AI76: {=_xlfn.IFS(AG76>10,"10+",AG76>4,"5-10 YIL",AG76>2,"3-5 YIL",AG76>0.9,"1-3 YIL",AG76<1,"0-1 YIL")} -> 5-10 YIL | AJ76: =YEAR(O76) -> 2015 | AK76: =YEAR(P76) -> #VALUE!
A77: PER0076 | B77: Selin Arslan | C77: Kadın | D77: 37597 | E77: 24 | F77: Bekar | G77: 0 | H77: Lisans | I77: Satış & Pazarlama | J77: Satış Temsilcisi | K77: Junior | L77: Beyaz Yaka | M77: Satış & Pazarlama Müdürü | N77: İstanbul Merkez | O77: 44877 | P77: - | Q77: - | R77: - | S77: Aktif | T77: 35300 | U77: 4900 | V77: 4 | W77: 30 | X77: - | Y77: 0 | Z77: 1 | AA77: 0 | AB77: 0 | AC77: 3 | AD77: 18 | AE77: LinkedIn | AG77: =DATEDIF(O77,TODAY(),"Y") -> 3 | AH77: {=_xlfn.IFS(E77>49,"50+",E77>39,"40-49",E77>29,"30-39",E77>19,"20-29")} -> 20-29 | AI77: {=_xlfn.IFS(AG77>10,"10+",AG77>4,"5-10 YIL",AG77>2,"3-5 YIL",AG77>0.9,"1-3 YIL",AG77<1,"0-1 YIL")} -> 3-5 YIL | AJ77: =YEAR(O77) -> 2022 | AK77: =YEAR(P77) -> #VALUE!
A78: PER0077 | B78: Defne Kılıç | C78: Kadın | D78: 35632 | E78: 29 | F78: Evli | G78: 1 | H78: Lisans | I78: Bilgi Teknolojileri | J78: Yazılım Uzman Yardımcısı | K78: Junior | L78: Beyaz Yaka | M78: Bilgi Teknolojileri Müdürü | N78: Gebze Fabrika | O78: 45298 | P78: - | Q78: - | R78: - | S78: Aktif | T78: 46600 | U78: 0 | V78: 6 | W78: 30 | X78: - | Y78: 0 | Z78: 3 | AA78: 0 | AB78: 0 | AC78: 3 | AD78: 11 | AE78: Şirket Web Sitesi | AG78: =DATEDIF(O78,TODAY(),"Y") -> 2 | AH78: {=_xlfn.IFS(E78>49,"50+",E78>39,"40-49",E78>29,"30-39",E78>19,"20-29")} -> 20-29 | AI78: {=_xlfn.IFS(AG78>10,"10+",AG78>4,"5-10 YIL",AG78>2,"3-5 YIL",AG78>0.9,"1-3 YIL",AG78<1,"0-1 YIL")} -> 1-3 YIL | AJ78: =YEAR(O78) -> 2024 | AK78: =YEAR(P78) -> #VALUE!
A79: PER0078 | B79: Mustafa Aydın | C79: Erkek | D79: 35797 | E79: 28 | F79: Bekar | G79: 0 | H79: Lisans | I79: Üretim & Operasyon | J79: Operatör | K79: Junior | L79: Mavi Yaka | M79: Üretim & Operasyon Müdürü | N79: İstanbul Merkez | O79: 45074 | P79: - | Q79: - | R79: - | S79: Aktif | T79: 27000 | U79: 0 | V79: 17 | W79: 28 | X79: 01-Istirahat | Y79: 2 | Z79: 5 | AA79: 0 | AB79: 0 | AC79: 3 | AD79: 7 | AE79: LinkedIn | AG79: =DATEDIF(O79,TODAY(),"Y") -> 3 | AH79: {=_xlfn.IFS(E79>49,"50+",E79>39,"40-49",E79>29,"30-39",E79>19,"20-29")} -> 20-29 | AI79: {=_xlfn.IFS(AG79>10,"10+",AG79>4,"5-10 YIL",AG79>2,"3-5 YIL",AG79>0.9,"1-3 YIL",AG79<1,"0-1 YIL")} -> 3-5 YIL | AJ79: =YEAR(O79) -> 2023 | AK79: =YEAR(P79) -> #VALUE!
A80: PER0079 | B80: Büşra Yılmaz | C80: Kadın | D80: 36792 | E80: 26 | F80: Bekar | G80: 0 | H80: Lisans | I80: Üretim & Operasyon | J80: Operatör | K80: Junior | L80: Mavi Yaka | M80: Üretim & Operasyon Müdürü | N80: İstanbul Merkez | O80: 45966 | P80: - | Q80: - | R80: - | S80: Aktif | T80: 27900 | U80: 0 | V80: 21 | W80: 30 | X80: - | Y80: 0 | Z80: 0 | AA80: 0 | AB80: 0 | AC80: 4 | AD80: 24 | AE80: LinkedIn | AG80: =DATEDIF(O80,TODAY(),"Y") -> 0 | AH80: {=_xlfn.IFS(E80>49,"50+",E80>39,"40-49",E80>29,"30-39",E80>19,"20-29")} -> 20-29 | AI80: {=_xlfn.IFS(AG80>10,"10+",AG80>4,"5-10 YIL",AG80>2,"3-5 YIL",AG80>0.9,"1-3 YIL",AG80<1,"0-1 YIL")} -> 0-1 YIL | AJ80: =YEAR(O80) -> 2025 | AK80: =YEAR(P80) -> #VALUE!
A81: PER0080 | B81: Burak Şahin | C81: Erkek | D81: 36379 | E81: 27 | F81: Bekar | G81: 0 | H81: Lisans | I81: Satış & Pazarlama | J81: Satış Temsilcisi | K81: Junior | L81: Beyaz Yaka | M81: Satış & Pazarlama Müdürü | N81: İstanbul Merkez | O81: 45521 | P81: - | Q81: - | R81: - | S81: Aktif | T81: 35700 | U81: 10500 | V81: 5 | W81: 30 | X81: - | Y81: 0 | Z81: 12 | AA81: 0 | AB81: 0 | AC81: 3 | AD81: 3 | AE81: Şirket Web Sitesi | AG81: =DATEDIF(O81,TODAY(),"Y") -> 1 | AH81: {=_xlfn.IFS(E81>49,"50+",E81>39,"40-49",E81>29,"30-39",E81>19,"20-29")} -> 20-29 | AI81: {=_xlfn.IFS(AG81>10,"10+",AG81>4,"5-10 YIL",AG81>2,"3-5 YIL",AG81>0.9,"1-3 YIL",AG81<1,"0-1 YIL")} -> 1-3 YIL | AJ81: =YEAR(O81) -> 2024 | AK81: =YEAR(P81) -> #VALUE!
A82: PER0081 | B82: Serkan Demir | C82: Erkek | D82: 34619 | E82: 32 | F82: Evli | G82: 1 | H82: Lisans | I82: Finans & Muhasebe | J82: Mali İşler Uzmanı | K82: Senior | L82: Beyaz Yaka | M82: Finans & Muhasebe Müdürü | N82: İstanbul Merkez | O82: 43744 | P82: - | Q82: - | R82: - | S82: Aktif | T82: 61400 | U82: 0 | V82: 9 | W82: 28 | X82: 01-Istirahat | Y82: 2 | Z82: 6 | AA82: 0 | AB82: 0 | AC82: 3 | AD82: 10 | AE82: LinkedIn | AG82: =DATEDIF(O82,TODAY(),"Y") -> 6 | AH82: {=_xlfn.IFS(E82>49,"50+",E82>39,"40-49",E82>29,"30-39",E82>19,"20-29")} -> 30-39 | AI82: {=_xlfn.IFS(AG82>10,"10+",AG82>4,"5-10 YIL",AG82>2,"3-5 YIL",AG82>0.9,"1-3 YIL",AG82<1,"0-1 YIL")} -> 5-10 YIL | AJ82: =YEAR(O82) -> 2019 | AK82: =YEAR(P82) -> #VALUE!
A83: PER0082 | B83: İrem Kaya | C83: Kadın | D83: 38000 | E83: 22 | F83: Evli | G83: 3 | H83: Lisans | I83: Üretim & Operasyon | J83: Operatör | K83: Junior | L83: Mavi Yaka | M83: Üretim & Operasyon Müdürü | N83: İzmir Merkez | O83: 44743 | P83: - | Q83: - | R83: - | S83: Aktif | T83: 24600 | U83: 0 | V83: 12 | W83: 25 | X83: 01-Istirahat | Y83: 5 | Z83: 12 | AA83: 0 | AB83: 0 | AC83: 2 | AD83: 3 | AE83: Kariyer.net | AG83: =DATEDIF(O83,TODAY(),"Y") -> 4 | AH83: {=_xlfn.IFS(E83>49,"50+",E83>39,"40-49",E83>29,"30-39",E83>19,"20-29")} -> 20-29 | AI83: {=_xlfn.IFS(AG83>10,"10+",AG83>4,"5-10 YIL",AG83>2,"3-5 YIL",AG83>0.9,"1-3 YIL",AG83<1,"0-1 YIL")} -> 3-5 YIL | AJ83: =YEAR(O83) -> 2022 | AK83: =YEAR(P83) -> #VALUE!
A84: PER0083 | B84: Selin Kılıç | C84: Kadın | D84: 31718 | E84: 40 | F84: Bekar | G84: 0 | H84: Önlisans | I84: Finans & Muhasebe | J84: Finans Müdürü | K84: Manager | L84: Beyaz Yaka | M84: Genel Müdür | N84: Gebze Fabrika | O84: 39905 | P84: - | Q84: - | R84: - | S84: Aktif | T84: 113000 | U84: 0 | V84: 8 | W84: 27 | X84: 02-Ucretsiz Izin | Y84: 0 | Z84: 12 | AA84: 3 | AB84: 0 | AC84: 3 | AD84: 16 | AE84: Danışmanlık Firması | AG84: =DATEDIF(O84,TODAY(),"Y") -> 17 | AH84: {=_xlfn.IFS(E84>49,"50+",E84>39,"40-49",E84>29,"30-39",E84>19,"20-29")} -> 40-49 | AI84: {=_xlfn.IFS(AG84>10,"10+",AG84>4,"5-10 YIL",AG84>2,"3-5 YIL",AG84>0.9,"1-3 YIL",AG84<1,"0-1 YIL")} -> 10+ | AJ84: =YEAR(O84) -> 2009 | AK84: =YEAR(P84) -> #VALUE!
A85: PER0084 | B85: Defne Şahin | C85: Kadın | D85: 33608 | E85: 34 | F85: Evli | G85: 1 | H85: Önlisans | I85: Bilgi Teknolojileri | J85: Kıdemli Yazılım Uzmanı | K85: Senior | L85: Beyaz Yaka | M85: Bilgi Teknolojileri Müdürü | N85: Gebze Fabrika | O85: 42163 | P85: - | Q85: - | R85: - | S85: Aktif | T85: 73900 | U85: 8500 | V85: 1 | W85: 30 | X85: - | Y85: 0 | Z85: 13 | AA85: 0 | AB85: 0 | AC85: 3 | AD85: 4 | AE85: Kariyer.net | AG85: =DATEDIF(O85,TODAY(),"Y") -> 11 | AH85: {=_xlfn.IFS(E85>49,"50+",E85>39,"40-49",E85>29,"30-39",E85>19,"20-29")} -> 30-39 | AI85: {=_xlfn.IFS(AG85>10,"10+",AG85>4,"5-10 YIL",AG85>2,"3-5 YIL",AG85>0.9,"1-3 YIL",AG85<1,"0-1 YIL")} -> 10+ | AJ85: =YEAR(O85) -> 2015 | AK85: =YEAR(P85) -> #VALUE!
A86: PER0085 | B86: Dilan Öztürk | C86: Kadın | D86: 36290 | E86: 27 | F86: Bekar | G86: 0 | H86: Lisans | I86: Üretim & Operasyon | J86: Operatör | K86: Junior | L86: Mavi Yaka | M86: Üretim & Operasyon Müdürü | N86: İstanbul Merkez | O86: 45495 | P86: - | Q86: - | R86: - | S86: Aktif | T86: 26800 | U86: 0 | V86: 22 | W86: 30 | X86: - | Y86: 0 | Z86: 4 | AA86: 0 | AB86: 0 | AC86: 2 | AD86: 5 | AE86: Kariyer.net | AG86: =DATEDIF(O86,TODAY(),"Y") -> 1 | AH86: {=_xlfn.IFS(E86>49,"50+",E86>39,"40-49",E86>29,"30-39",E86>19,"20-29")} -> 20-29 | AI86: {=_xlfn.IFS(AG86>10,"10+",AG86>4,"5-10 YIL",AG86>2,"3-5 YIL",AG86>0.9,"1-3 YIL",AG86<1,"0-1 YIL")} -> 1-3 YIL | AJ86: =YEAR(O86) -> 2024 | AK86: =YEAR(P86) -> #VALUE!
A87: PER0086 | B87: İrem Kara | C87: Kadın | D87: 37689 | E87: 23 | F87: Evli | G87: 0 | H87: Önlisans | I87: İnsan Kaynakları | J87: İK Uzman Yardımcısı | K87: Junior | L87: Beyaz Yaka | M87: İnsan Kaynakları Müdürü | N87: İstanbul Merkez | O87: 44858 | P87: - | Q87: - | R87: - | S87: Aktif | T87: 34400 | U87: 4400 | V87: 8 | W87: 30 | X87: - | Y87: 0 | Z87: 8 | AA87: 0 | AB87: 0 | AC87: 3 | AD87: 17 | AE87: LinkedIn | AG87: =DATEDIF(O87,TODAY(),"Y") -> 3 | AH87: {=_xlfn.IFS(E87>49,"50+",E87>39,"40-49",E87>29,"30-39",E87>19,"20-29")} -> 20-29 | AI87: {=_xlfn.IFS(AG87>10,"10+",AG87>4,"5-10 YIL",AG87>2,"3-5 YIL",AG87>0.9,"1-3 YIL",AG87<1,"0-1 YIL")} -> 3-5 YIL | AJ87: =YEAR(O87) -> 2022 | AK87: =YEAR(P87) -> #VALUE!
A88: PER0087 | B88: Oğuzhan Kılıç | C88: Erkek | D88: 38009 | E88: 22 | F88: Bekar | G88: 0 | H88: Yüksek Lisans | I88: Üretim & Operasyon | J88: Operatör | K88: Junior | L88: Mavi Yaka | M88: Üretim & Operasyon Müdürü | N88: İstanbul Merkez | O88: 45100 | P88: 45710 | Q88: Evlilik/Taşınma | R88: 3 | S88: Pasif | T88: 26300 | U88: 0 | V88: 17 | W88: 30 | X88: - | Y88: 0 | Z88: 10 | AA88: 0 | AB88: 0 | AC88: 4 | AD88: 14 | AE88: LinkedIn | AG88: =DATEDIF(O88,TODAY(),"Y") -> 3 | AH88: {=_xlfn.IFS(E88>49,"50+",E88>39,"40-49",E88>29,"30-39",E88>19,"20-29")} -> 20-29 | AI88: {=_xlfn.IFS(AG88>10,"10+",AG88>4,"5-10 YIL",AG88>2,"3-5 YIL",AG88>0.9,"1-3 YIL",AG88<1,"0-1 YIL")} -> 3-5 YIL | AJ88: =YEAR(O88) -> 2023 | AK88: =YEAR(P88) -> 2025
A89: PER0088 | B89: Can Aydın | C89: Erkek | D89: 37381 | E89: 24 | F89: Evli | G89: 0 | H89: Lisans | I89: Satış & Pazarlama | J89: Satış Temsilcisi | K89: Junior | L89: Beyaz Yaka | M89: Satış & Pazarlama Müdürü | N89: Bursa Merkez | O89: 45459 | P89: - | Q89: - | R89: - | S89: Aktif | T89: 30800 | U89: 0 | V89: 3 | W89: 28 | X89: 01-Istirahat | Y89: 2 | Z89: 7 | AA89: 0 | AB89: 0 | AC89: 3 | AD89: 3 | AE89: Kariyer.net | AG89: =DATEDIF(O89,TODAY(),"Y") -> 2 | AH89: {=_xlfn.IFS(E89>49,"50+",E89>39,"40-49",E89>29,"30-39",E89>19,"20-29")} -> 20-29 | AI89: {=_xlfn.IFS(AG89>10,"10+",AG89>4,"5-10 YIL",AG89>2,"3-5 YIL",AG89>0.9,"1-3 YIL",AG89<1,"0-1 YIL")} -> 1-3 YIL | AJ89: =YEAR(O89) -> 2024 | AK89: =YEAR(P89) -> #VALUE!
A90: PER0089 | B90: Aslan Çetin | C90: Kadın | D90: 34752 | E90: 31 | F90: Evli | G90: 0 | H90: Yüksek Lisans | I90: Finans & Muhasebe | J90: Mali İşler Uzmanı | K90: Senior | L90: Beyaz Yaka | M90: Finans & Muhasebe Müdürü | N90: İstanbul Merkez | O90: 42253 | P90: - | Q90: - | R90: - | S90: Aktif | T90: 63800 | U90: 0 | V90: 9 | W90: 29 | X90: 02-Ucretsiz Izin | Y90: 0 | Z90: 6 | AA90: 1 | AB90: 0 | AC90: 2 | AD90: 9 | AE90: Kariyer.net | AG90: =DATEDIF(O90,TODAY(),"Y") -> 10 | AH90: {=_xlfn.IFS(E90>49,"50+",E90>39,"40-49",E90>29,"30-39",E90>19,"20-29")} -> 30-39 | AI90: {=_xlfn.IFS(AG90>10,"10+",AG90>4,"5-10 YIL",AG90>2,"3-5 YIL",AG90>0.9,"1-3 YIL",AG90<1,"0-1 YIL")} -> 5-10 YIL | AJ90: =YEAR(O90) -> 2015 | AK90: =YEAR(P90) -> #VALUE!
A91: PER0090 | B91: Furkan Kaya | C91: Erkek | D91: 35263 | E91: 30 | F91: Bekar | G91: 0 | H91: Lisans | I91: Üretim & Operasyon | J91: Takım Lideri | K91: Senior | L91: Mavi Yaka | M91: Üretim & Operasyon Müdürü | N91: İstanbul Merkez | O91: 42619 | P91: 44845 | Q91: Evlilik/Taşınma | R91: 3 | S91: Pasif | T91: 41700 | U91: 0 | V91: 17 | W91: 29 | X91: 01-Istirahat | Y91: 1 | Z91: 6 | AA91: 0 | AB91: 0 | AC91: 2 | AD91: 12 | AE91: LinkedIn | AG91: =DATEDIF(O91,TODAY(),"Y") -> 9 | AH91: {=_xlfn.IFS(E91>49,"50+",E91>39,"40-49",E91>29,"30-39",E91>19,"20-29")} -> 30-39 | AI91: {=_xlfn.IFS(AG91>10,"10+",AG91>4,"5-10 YIL",AG91>2,"3-5 YIL",AG91>0.9,"1-3 YIL",AG91<1,"0-1 YIL")} -> 5-10 YIL | AJ91: =YEAR(O91) -> 2016 | AK91: =YEAR(P91) -> 2022
A92: PER0091 | B92: Volkan Kaya | C92: Erkek | D92: 37053 | E92: 25 | F92: Evli | G92: 1 | H92: Önlisans | I92: Üretim & Operasyon | J92: Operatör | K92: Junior | L92: Mavi Yaka | M92: Üretim & Operasyon Müdürü | N92: İzmir Merkez | O92: 45985 | P92: - | Q92: - | R92: - | S92: Aktif | T92: 24300 | U92: 0 | V92: 32 | W92: 29 | X92: 01-Istirahat | Y92: 1 | Z92: 0 | AA92: 0 | AB92: 0 | AC92: 4 | AD92: 26 | AE92: LinkedIn | AG92: =DATEDIF(O92,TODAY(),"Y") -> 0 | AH92: {=_xlfn.IFS(E92>49,"50+",E92>39,"40-49",E92>29,"30-39",E92>19,"20-29")} -> 20-29 | AI92: {=_xlfn.IFS(AG92>10,"10+",AG92>4,"5-10 YIL",AG92>2,"3-5 YIL",AG92>0.9,"1-3 YIL",AG92<1,"0-1 YIL")} -> 0-1 YIL | AJ92: =YEAR(O92) -> 2025 | AK92: =YEAR(P92) -> #VALUE!
A93: PER0092 | B93: Ömer Yılmaz | C93: Erkek | D93: 35724 | E93: 29 | F93: Bekar | G93: 0 | H93: Yüksek Lisans | I93: Üretim & Operasyon | J93: Takım Lideri | K93: Senior | L93: Mavi Yaka | M93: Üretim & Operasyon Müdürü | N93: İstanbul Merkez | O93: 41855 | P93: - | Q93: - | R93: - | S93: Aktif | T93: 39500 | U93: 0 | V93: 22 | W93: 30 | X93: - | Y93: 0 | Z93: 9 | AA93: 0 | AB93: 0 | AC93: 1 | AD93: 18 | AE93: LinkedIn | AG93: =DATEDIF(O93,TODAY(),"Y") -> 11 | AH93: {=_xlfn.IFS(E93>49,"50+",E93>39,"40-49",E93>29,"30-39",E93>19,"20-29")} -> 20-29 | AI93: {=_xlfn.IFS(AG93>10,"10+",AG93>4,"5-10 YIL",AG93>2,"3-5 YIL",AG93>0.9,"1-3 YIL",AG93<1,"0-1 YIL")} -> 10+ | AJ93: =YEAR(O93) -> 2014 | AK93: =YEAR(P93) -> #VALUE!
A94: PER0093 | B94: Can Özdemir | C94: Erkek | D94: 37731 | E94: 23 | F94: Bekar | G94: 0 | H94: Lisans | I94: Üretim & Operasyon | J94: Operatör | K94: Junior | L94: Mavi Yaka | M94: Üretim & Operasyon Müdürü | N94: Ankara Merkez | O94: 45055 | P94: - | Q94: - | R94: - | S94: Aktif | T94: 24400 | U94: 0 | V94: 30 | W94: 30 | X94: - | Y94: 0 | Z94: 9 | AA94: 0 | AB94: 0 | AC94: 3 | AD94: 14 | AE94: LinkedIn | AG94: =DATEDIF(O94,TODAY(),"Y") -> 3 | AH94: {=_xlfn.IFS(E94>49,"50+",E94>39,"40-49",E94>29,"30-39",E94>19,"20-29")} -> 20-29 | AI94: {=_xlfn.IFS(AG94>10,"10+",AG94>4,"5-10 YIL",AG94>2,"3-5 YIL",AG94>0.9,"1-3 YIL",AG94<1,"0-1 YIL")} -> 3-5 YIL | AJ94: =YEAR(O94) -> 2023 | AK94: =YEAR(P94) -> #VALUE!
A95: PER0094 | B95: Mustafa Aslan | C95: Erkek | D95: 36209 | E95: 27 | F95: Bekar | G95: 0 | H95: Önlisans | I95: Üretim & Operasyon | J95: Operatör | K95: Junior | L95: Mavi Yaka | M95: Üretim & Operasyon Müdürü | N95: Gebze Fabrika | O95: 44920 | P95: - | Q95: - | R95: - | S95: Aktif | T95: 25400 | U95: 0 | V95: 28 | W95: 29 | X95: 10-Devamsizlik | Y95: 0 | Z95: 13 | AA95: 0 | AB95: 1 | AC95: 3 | AD95: 5 | AE95: Kariyer.net | AG95: =DATEDIF(O95,TODAY(),"Y") -> 3 | AH95: {=_xlfn.IFS(E95>49,"50+",E95>39,"40-49",E95>29,"30-39",E95>19,"20-29")} -> 20-29 | AI95: {=_xlfn.IFS(AG95>10,"10+",AG95>4,"5-10 YIL",AG95>2,"3-5 YIL",AG95>0.9,"1-3 YIL",AG95<1,"0-1 YIL")} -> 3-5 YIL | AJ95: =YEAR(O95) -> 2022 | AK95: =YEAR(P95) -> #VALUE!
A96: PER0095 | B96: Mustafa Çetin | C96: Erkek | D96: 32499 | E96: 38 | F96: Evli | G96: 1 | H96: Önlisans | I96: Üretim & Operasyon | J96: Takım Lideri | K96: Senior | L96: Mavi Yaka | M96: Üretim & Operasyon Müdürü | N96: İstanbul Merkez | O96: 41856 | P96: - | Q96: - | R96: - | S96: Aktif | T96: 43100 | U96: 0 | V96: 29 | W96: 27 | X96: 01-Istirahat | Y96: 1 | Z96: 5 | AA96: 0 | AB96: 2 | AC96: 3 | AD96: 8 | AE96: Kariyer.net | AG96: =DATEDIF(O96,TODAY(),"Y") -> 11 | AH96: {=_xlfn.IFS(E96>49,"50+",E96>39,"40-49",E96>29,"30-39",E96>19,"20-29")} -> 30-39 | AI96: {=_xlfn.IFS(AG96>10,"10+",AG96>4,"5-10 YIL",AG96>2,"3-5 YIL",AG96>0.9,"1-3 YIL",AG96<1,"0-1 YIL")} -> 10+ | AJ96: =YEAR(O96) -> 2014 | AK96: =YEAR(P96) -> #VALUE!
A97: PER0096 | B97: Furkan Çelik | C97: Erkek | D97: 38067 | E97: 22 | F97: Evli | G97: 1 | H97: Önlisans | I97: İnsan Kaynakları | J97: İK Uzman Yardımcısı | K97: Junior | L97: Beyaz Yaka | M97: İnsan Kaynakları Müdürü | N97: İstanbul Merkez | O97: 45409 | P97: - | Q97: - | R97: - | S97: Aktif | T97: 37100 | U97: 0 | V97: 0 | W97: 29 | X97: 02-Ucretsiz Izin | Y97: 0 | Z97: 3 | AA97: 1 | AB97: 0 | AC97: 2 | AD97: 5 | AE97: LinkedIn | AG97: =DATEDIF(O97,TODAY(),"Y") -> 2 | AH97: {=_xlfn.IFS(E97>49,"50+",E97>39,"40-49",E97>29,"30-39",E97>19,"20-29")} -> 20-29 | AI97: {=_xlfn.IFS(AG97>10,"10+",AG97>4,"5-10 YIL",AG97>2,"3-5 YIL",AG97>0.9,"1-3 YIL",AG97<1,"0-1 YIL")} -> 1-3 YIL | AJ97: =YEAR(O97) -> 2024 | AK97: =YEAR(P97) -> #VALUE!
A98: PER0097 | B98: Ali Yılmaz | C98: Erkek | D98: 38101 | E98: 22 | F98: Bekar | G98: 0 | H98: Önlisans | I98: Üretim & Operasyon | J98: Operatör | K98: Junior | L98: Mavi Yaka | M98: Üretim & Operasyon Müdürü | N98: İstanbul Merkez | O98: 45408 | P98: - | Q98: - | R98: - | S98: Aktif | T98: 25200 | U98: 0 | V98: 39 | W98: 30 | X98: - | Y98: 0 | Z98: 6 | AA98: 0 | AB98: 0 | AC98: 3 | AD98: 17 | AE98: Kariyer.net | AG98: =DATEDIF(O98,TODAY(),"Y") -> 2 | AH98: {=_xlfn.IFS(E98>49,"50+",E98>39,"40-49",E98>29,"30-39",E98>19,"20-29")} -> 20-29 | AI98: {=_xlfn.IFS(AG98>10,"10+",AG98>4,"5-10 YIL",AG98>2,"3-5 YIL",AG98>0.9,"1-3 YIL",AG98<1,"0-1 YIL")} -> 1-3 YIL | AJ98: =YEAR(O98) -> 2024 | AK98: =YEAR(P98) -> #VALUE!
A99: PER0098 | B99: Furkan Aslan | C99: Erkek | D99: 36557 | E99: 26 | F99: Evli | G99: 0 | H99: Yüksek Lisans | I99: Üretim & Operasyon | J99: Operatör | K99: Junior | L99: Mavi Yaka | M99: Üretim & Operasyon Müdürü | N99: İstanbul Merkez | O99: 45072 | P99: - | Q99: - | R99: - | S99: Aktif | T99: 24900 | U99: 0 | V99: 41 | W99: 28 | X99: 01-Istirahat | Y99: 1 | Z99: 14 | AA99: 1 | AB99: 0 | AC99: 3 | AD99: 13 | AE99: Referans | AG99: =DATEDIF(O99,TODAY(),"Y") -> 3 | AH99: {=_xlfn.IFS(E99>49,"50+",E99>39,"40-49",E99>29,"30-39",E99>19,"20-29")} -> 20-29 | AI99: {=_xlfn.IFS(AG99>10,"10+",AG99>4,"5-10 YIL",AG99>2,"3-5 YIL",AG99>0.9,"1-3 YIL",AG99<1,"0-1 YIL")} -> 3-5 YIL | AJ99: =YEAR(O99) -> 2023 | AK99: =YEAR(P99) -> #VALUE!
A100: PER0099 | B100: Can Arslan | C100: Erkek | D100: 37388 | E100: 24 | F100: Bekar | G100: 0 | H100: Önlisans | I100: Üretim & Operasyon | J100: Operatör | K100: Junior | L100: Mavi Yaka | M100: Üretim & Operasyon Müdürü | N100: Bursa Merkez | O100: 46013 | P100: - | Q100: - | R100: - | S100: Aktif | T100: 25000 | U100: 0 | V100: 16 | W100: 28 | X100: 01-Istirahat | Y100: 1 | Z100: 0 | AA100: 0 | AB100: 1 | AC100: 3 | AD100: 12 | AE100: LinkedIn | AG100: =DATEDIF(O100,TODAY(),"Y") -> 0 | AH100: {=_xlfn.IFS(E100>49,"50+",E100>39,"40-49",E100>29,"30-39",E100>19,"20-29")} -> 20-29 | AI100: {=_xlfn.IFS(AG100>10,"10+",AG100>4,"5-10 YIL",AG100>2,"3-5 YIL",AG100>0.9,"1-3 YIL",AG100<1,"0-1 YIL")} -> 0-1 YIL | AJ100: =YEAR(O100) -> 2025 | AK100: =YEAR(P100) -> #VALUE!
A101: PER0100 | B101: Ahmet Kaya | C101: Erkek | D101: 32920 | E101: 36 | F101: Evli | G101: 1 | H101: Lisans | I101: Finans & Muhasebe | J101: Finans Müdürü | K101: Manager | L101: Beyaz Yaka | M101: Genel Müdür | N101: İstanbul Merkez | O101: 40936 | P101: - | Q101: - | R101: - | S101: Aktif | T101: 110900 | U101: 0 | V101: 9 | W101: 25 | X101: 01-Istirahat | Y101: 5 | Z101: 0 | AA101: 0 | AB101: 0 | AC101: 3 | AD101: 8 | AE101: Şirket Web Sitesi | AG101: =DATEDIF(O101,TODAY(),"Y") -> 14 | AH101: {=_xlfn.IFS(E101>49,"50+",E101>39,"40-49",E101>29,"30-39",E101>19,"20-29")} -> 30-39 | AI101: {=_xlfn.IFS(AG101>10,"10+",AG101>4,"5-10 YIL",AG101>2,"3-5 YIL",AG101>0.9,"1-3 YIL",AG101<1,"0-1 YIL")} -> 10+ | AJ101: =YEAR(O101) -> 2012 | AK101: =YEAR(P101) -> #VALUE!
A102: PER0101 | B102: Mustafa Çetin | C102: Erkek | D102: 36411 | E102: 27 | F102: Bekar | G102: 0 | H102: Önlisans | I102: Satış & Pazarlama | J102: Satış Temsilcisi | K102: Junior | L102: Beyaz Yaka | M102: Satış & Pazarlama Müdürü | N102: İstanbul Merkez | O102: 45386 | P102: - | Q102: - | R102: - | S102: Aktif | T102: 34000 | U102: 0 | V102: 2 | W102: 27 | X102: 01-Istirahat | Y102: 3 | Z102: 3 | AA102: 0 | AB102: 0 | AC102: 4 | AD102: 18 | AE102: Kariyer.net | AG102: =DATEDIF(O102,TODAY(),"Y") -> 2 | AH102: {=_xlfn.IFS(E102>49,"50+",E102>39,"40-49",E102>29,"30-39",E102>19,"20-29")} -> 20-29 | AI102: {=_xlfn.IFS(AG102>10,"10+",AG102>4,"5-10 YIL",AG102>2,"3-5 YIL",AG102>0.9,"1-3 YIL",AG102<1,"0-1 YIL")} -> 1-3 YIL | AJ102: =YEAR(O102) -> 2024 | AK102: =YEAR(P102) -> #VALUE!
A103: PER0102 | B103: Mehmet Doğan | C103: Erkek | D103: 36986 | E103: 25 | F103: Bekar | G103: 0 | H103: Yüksek Lisans | I103: Üretim & Operasyon | J103: Operatör | K103: Junior | L103: Mavi Yaka | M103: Üretim & Operasyon Müdürü | N103: İstanbul Merkez | O103: 46089 | P103: - | Q103: - | R103: - | S103: Aktif | T103: 24700 | U103: 0 | V103: 27 | W103: 30 | X103: - | Y103: 0 | Z103: 0 | AA103: 0 | AB103: 0 | AC103: 3 | AD103: 4 | AE103: Kariyer.net | AG103: =DATEDIF(O103,TODAY(),"Y") -> 0 | AH103: {=_xlfn.IFS(E103>49,"50+",E103>39,"40-49",E103>29,"30-39",E103>19,"20-29")} -> 20-29 | AI103: {=_xlfn.IFS(AG103>10,"10+",AG103>4,"5-10 YIL",AG103>2,"3-5 YIL",AG103>0.9,"1-3 YIL",AG103<1,"0-1 YIL")} -> 0-1 YIL | AJ103: =YEAR(O103) -> 2026 | AK103: =YEAR(P103) -> #VALUE!
... A133: PER0132 | B133: Merve Özdemir | C133: Kadın | D133: 37359 | E133: 24 | F133: Bekar | G133: 0 | H133: Lisans | I133: Üretim & Operasyon | J133: Operatör | K133: Junior | L133: Mavi Yaka | M133: Üretim & Operasyon Müdürü | N133: İstanbul Merkez | O133: 46039 | P133: - | Q133: - | R133: - | S133: Aktif | T133: 26500 | U133: 0 | V133: 17 | W133: 29 | X133: 01-Istirahat | Y133: 1 | Z133: 0 | AA133: 0 | AB133: 0 | AC133: 3 | AD133: 5 | AE133: Şirket Web Sitesi | AG133: =DATEDIF(O133,TODAY(),"Y") -> 0 | AH133: {=_xlfn.IFS(E133>49,"50+",E133>39,"40-49",E133>29,"30-39",E133>19,"20-29")} -> 20-29 | AI133: {=_xlfn.IFS(AG133>10,"10+",AG133>4,"5-10 YIL",AG133>2,"3-5 YIL",AG133>0.9,"1-3 YIL",AG133<1,"0-1 YIL")} -> 0-1 YIL | AJ133: =YEAR(O133) -> 2026 | AK133: =YEAR(P133) -> #VALUE!
A134: PER0133 | B134: Volkan Kaya | C134: Erkek | D134: 33424 | E134: 35 | F134: Bekar | G134: 0 | H134: Lisans | I134: Satış & Pazarlama | J134: Kıdemli Satış Uzmanı | K134: Senior | L134: Beyaz Yaka | M134: Satış & Pazarlama Müdürü | N134: İstanbul Merkez | O134: 41845 | P134: 45277 | Q134: Performans Yetersizliği | R134: 17 | S134: Pasif | T134: 53100 | U134: 10200 | V134: 3 | W134: 30 | X134: - | Y134: 0 | Z134: 8 | AA134: 0 | AB134: 0 | AC134: 4 | AD134: 24 | AE134: LinkedIn | AG134: =DATEDIF(O134,TODAY(),"Y") -> 11 | AH134: {=_xlfn.IFS(E134>49,"50+",E134>39,"40-49",E134>29,"30-39",E134>19,"20-29")} -> 30-39 | AI134: {=_xlfn.IFS(AG134>10,"10+",AG134>4,"5-10 YIL",AG134>2,"3-5 YIL",AG134>0.9,"1-3 YIL",AG134<1,"0-1 YIL")} -> 10+ | AJ134: =YEAR(O134) -> 2014 | AK134: =YEAR(P134) -> 2023
...

Sheet 02_Hesaplamalar
A1: Genel Şirket Özeti
A2: Aktif Çalışan | B2: =COUNTIF('01_Personel_Verisi'!S:S,"Aktif") -> 868 | D2: Kadın Oranı % | E2: =(COUNTIFS('01_Personel_Verisi'!C:C,"Kadın",'01_Personel_Verisi'!S:S,"Aktif")/B2)*100 -> 42.857143
A3: Toplam Ayrılan | B3: =COUNTIF('01_Personel_Verisi'!S:S,"Pasif") -> 132 | D3: Ortalama Performans | E3: =AVERAGEA('01_Personel_Verisi'!AC:AC) -> 3.046953
A4: TurnOver Oranı | B4: =B3/((B2+B3+B2)/2) -> 0.14132762 | D4: Ortalama Eğitim | E4: =AVERAGEA('01_Personel_Verisi'!AD:AD) -> 14.553447
A5: Ortalama Yaş | B5: =AVERAGEIFS('01_Personel_Verisi'!E:E,'01_Personel_Verisi'!S:S,"Aktif") -> 31.813364 | D5: Aktif Çalışan Yüzdesi | E5: =(B2/(B2+B3))*100 -> 86.8
A6: Ortalama Kıdem | B6: =AVERAGEIFS('01_Personel_Verisi'!AG:AG,'01_Personel_Verisi'!S:S,"Aktif") -> 4.609447 | D6: Annualized Turnover | E6: =((COUNTIF('01_Personel_Verisi'!AK:AK,"2026"))/((B2+B2+(COUNTIF('01_Personel_Verisi'!AK:AK,"2026")))/2)*100)*2 -> 9.4488189 | F6: *Rapor tarihi haziran kabul edildi.
A7: Ortalama Maaş | B7: =AVERAGEIFS('01_Personel_Verisi'!T:T,'01_Personel_Verisi'!S:S,"Aktif") -> 48463.134
A8: Toplam Fazla Mesai | B8: =SUM('01_Personel_Verisi'!V:V) -> 15160
A9: Toplam Eksik Gün | B9: =SUM('01_Personel_Verisi'!Y:Y,'01_Personel_Verisi'!AA:AA,'01_Personel_Verisi'!AB:AB) -> 1038
A11: Departman Bazlı Analiz Matrisi | B11: Çalışan Sayısı | C11: Ortalama Maaş | D11: Toplam Fazla Mesai | E11: Ortalama Performans Notu
A12: Bilgi Teknolojileri | B12: =COUNTIFS('01_Personel_Verisi'!I:I,"Bilgi Teknolojileri",'01_Personel_Verisi'!S:S,"Aktif") -> 85 | C12: =AVERAGEIFS('01_Personel_Verisi'!T:T,'01_Personel_Verisi'!I:I,"Bilgi Teknolojileri",'01_Personel_Verisi'!S:S,"Aktif") -> 78830.588 | D12: =SUMIFS('01_Personel_Verisi'!V:V,'01_Personel_Verisi'!I:I,"Bilgi Teknolojileri") -> 498 | E12: =AVERAGEIF('01_Personel_Verisi'!I:I,"Bilgi Teknolojileri",'01_Personel_Verisi'!AC:AC) -> 3.1122449
A13: Üretim & Operasyon | B13: =COUNTIFS('01_Personel_Verisi'!I:I,"Üretim & Operasyon",'01_Personel_Verisi'!S:S,"Aktif") -> 431 | C13: =AVERAGEIFS('01_Personel_Verisi'!T:T,'01_Personel_Verisi'!I:I,"Üretim & Operasyon",'01_Personel_Verisi'!S:S,"Aktif") -> 33196.52 | D13: =SUMIFS('01_Personel_Verisi'!V:V,'01_Personel_Verisi'!I:I,"Üretim & Operasyon") -> 13137 | E13: =AVERAGEIF('01_Personel_Verisi'!I:I,"Üretim & Operasyon",'01_Personel_Verisi'!AC:AC) -> 3.0803213
A14: Satış & Pazarlama | B14: =COUNTIFS('01_Personel_Verisi'!I:I,"Satış & Pazarlama",'01_Personel_Verisi'!S:S,"Aktif") -> 176 | C14: =AVERAGEIFS('01_Personel_Verisi'!T:T,'01_Personel_Verisi'!I:I,"Satış & Pazarlama",'01_Personel_Verisi'!S:S,"Aktif") -> 57699.432 | D14: =SUMIFS('01_Personel_Verisi'!V:V,'01_Personel_Verisi'!I:I,"Satış & Pazarlama") -> 556 | E14: =AVERAGEIF('01_Personel_Verisi'!I:I,"Satış & Pazarlama",'01_Personel_Verisi'!AC:AC) -> 3.0245098
A15: İnsan Kaynakları | B15: =COUNTIFS('01_Personel_Verisi'!I:I,"İnsan Kaynakları",'01_Personel_Verisi'!S:S,"Aktif") -> 66 | C15: =AVERAGEIFS('01_Personel_Verisi'!T:T,'01_Personel_Verisi'!I:I,"İnsan Kaynakları",'01_Personel_Verisi'!S:S,"Aktif") -> 57328.788 | D15: =SUMIFS('01_Personel_Verisi'!V:V,'01_Personel_Verisi'!I:I,"İnsan Kaynakları") -> 351 | E15: =AVERAGEIF('01_Personel_Verisi'!I:I,"İnsan Kaynakları",'01_Personel_Verisi'!AC:AC) -> 2.8933333
A16: Finans & Muhasebe | B16: =COUNTIFS('01_Personel_Verisi'!I:I,"Finans & Muhasebe",'01_Personel_Verisi'!S:S,"Aktif") -> 110 | C16: =AVERAGEIFS('01_Personel_Verisi'!T:T,'01_Personel_Verisi'!I:I,"Finans & Muhasebe",'01_Personel_Verisi'!S:S,"Aktif") -> 64717.273 | D16: =SUMIFS('01_Personel_Verisi'!V:V,'01_Personel_Verisi'!I:I,"Finans & Muhasebe") -> 618 | E16: =AVERAGEIF('01_Personel_Verisi'!I:I,"Finans & Muhasebe",'01_Personel_Verisi'!AC:AC) -> 3.016
A18: Yaş Dağılımı Tablosu: | D18: Kıdem Dağılımı Tablosu
A19: 20 - 29 Yaş | B19: =COUNTIFS('01_Personel_Verisi'!AH:AH,"20-29",'01_Personel_Verisi'!S:S,"Aktif") -> 499 | D19: 0 - 1 Yıl (Yeni) | E19: =COUNTIFS('01_Personel_Verisi'!AI:AI,"0-1 YIL",'01_Personel_Verisi'!S:S,"Aktif") -> 106
A20: 30 - 39 Yaş | B20: =COUNTIFS('01_Personel_Verisi'!AH:AH,"30-39",'01_Personel_Verisi'!S:S,"Aktif") -> 174 | D20: 1 - 3 Yıl | E20: =COUNTIFS('01_Personel_Verisi'!AI:AI,"1-3 YIL",'01_Personel_Verisi'!S:S,"Aktif") -> 235
A21: 40 - 49 Yaş | B21: =COUNTIFS('01_Personel_Verisi'!AH:AH,"40-49",'01_Personel_Verisi'!S:S,"Aktif") -> 165 | D21: 3 - 5 Yıl | E21: =COUNTIFS('01_Personel_Verisi'!AI:AI,"3-5 YIL",'01_Personel_Verisi'!S:S,"Aktif") -> 187
A22: 50 Yaş ve Üstü | B22: =COUNTIFS('01_Personel_Verisi'!AH:AH,"50+",'01_Personel_Verisi'!S:S,"Aktif") -> 30 | D22: 5 - 10 Yıl | E22: =COUNTIFS('01_Personel_Verisi'!AI:AI,"5-10 YIL",'01_Personel_Verisi'!S:S,"Aktif") -> 243
D23: 10 Yıl ve Üstü | E23: =COUNTIFS('01_Personel_Verisi'!AI:AI,"10+",'01_Personel_Verisi'!S:S,"Aktif") -> 97

Sheet 03_Pivotlar
A1: Durum | B1: Aktif | G1: İşe Giriş yılı | H1: Kişi
G2: 2008 | H2: 9
A3: Departman | B3: Kişi | C3: Ortalama Brüt Maaş | G3: 2009 | H3: 9
A4: Bilgi Teknolojileri | B4: 85 | C4: 78830.588 | G4: 2010 | H4: 8
A5: Finans & Muhasebe | B5: 110 | C5: 64717.273 | G5: 2011 | H5: 12
A6: İnsan Kaynakları | B6: 66 | C6: 57328.788 | G6: 2012 | H6: 12
A7: Satış & Pazarlama | B7: 176 | C7: 57699.432 | G7: 2013 | H7: 10
A8: Üretim & Operasyon | B8: 431 | C8: 33196.52 | G8: 2014 | H8: 38
A9: Genel Toplam | B9: 868 | C9: 48463.134 | G9: 2015 | H9: 35
G10: 2016 | H10: 45
G11: 2017 | H11: 48
G12: 2018 | H12: 48
G13: 2019 | H13: 43
G14: 2020 | H14: 53
G15: 2021 | H15: 31
G16: 2022 | H16: 114
G17: 2023 | H17: 146
G18: 2024 | H18: 140
G19: 2025 | H19: 135
G20: 2026 | H20: 64
G21: Genel Toplam | H21: 1000
A27: Durum | B27: Pasif | I27: Performans Notu | J27: Ortalama Eğitim Saati
I28: 1 | J28: 11.403509
A29: Satır Etiketleri | B29: Say Sicil No | I29: 2 | J29: 10.18705
A30: Emeklilik | B30: 3 | I30: 3 | J30: 10.731978
A31: Evlilik/Taşınma | B31: 29 | I31: 4 | J31: 25.29148
A32: İstifa (Kariyer Değişikliği) | B32: 74 | I32: 5 | J32: 26.4
A33: Performans Yetersizliği | B33: 16 | I33: Genel Toplam | J33: 14.568
A34: Sağlık Sebepleri | B34: 10
A35: Genel Toplam | B35: 132

Sheet 04_Dashboard
A1: HR ANALYTICS EXECUTIVE DASHBOARD (2026)
B4: HEADCOUNT | D4: TURNOVER % | F4: ORT. YAŞ | H4: ORT. KIDEM | J4: ORT. BRÜT MAAŞ | L4: TOPLAM FM (SAAT) | N4: DEVAMSIZLIK
B5: ='02_Hesaplamalar'!B2 -> 868 | D5: ='02_Hesaplamalar'!B4 -> 0.14132762 | F5: ='02_Hesaplamalar'!B5 -> 31.813364 | H5: ='02_Hesaplamalar'!B6 -> 4.609447 | J5: ='02_Hesaplamalar'!B7 -> 48463.134 | L5: ='02_Hesaplamalar'!B8 -> 15160 | N5: ='02_Hesaplamalar'!B9 -> 1038
C8: TAHMİNİ 2026 TURNOVER : | F8: ='02_Hesaplamalar'!E6 -> 9.4488189 | G8: % | L8: KADIN ORANI : | M8: ='02_Hesaplamalar'!E2 -> 42.857143 | N8: %

Sheet 05_Dokumantasyon
A1: HR Analytics Dashboard 2026 — Proje Dokümantasyonu
A3: Bu Excel çalışma kitabı, 1000 çalışanlık kurumsal bir firmanın İnsan Kaynakları verilerini, KPI hesaplamalarını ve yönetici dashboard altyapısını içermektedir.
A4: Proje Adımları ve Sekme Yapısı:
A6: 01_Personel_Verisi | B6: 1000 satırlık birbiriyle ilişkili ve kurumsal mantığa uygun ana veri seti tabanı.
A7: 02_Hesaplamalar | B7: Dashboard alanına besleme yapacak dinamik formüller (EĞER, ÇOKETOPLA, ÇOKEĞERSAY vb.).
A8: 03_Pivotlar | B8: Dilimleyicilerle (Slicer) bağlanacak ve grafikleri besleyecek ara özet tablolar.
A9: 04_Dashboard | B9: CEO ve Üst Yönetim sunumu için tasarlanmış, üstte özet KPI kartları ve altta profesyonel grafik alanları içeren vizyon şablonu.
